../reference_genomes/new_in_r214/RS_GCF_023015625.1.fna	RS_GCF_023015625.1
../reference_genomes/new_in_r214/GB_GCA_021325525.1.fna	GB_GCA_021325525.1
../reference_genomes/new_in_r214/GB_GCA_021801605.1.fna	GB_GCA_021801605.1
../reference_genomes/new_in_r214/GB_GCA_022841885.1.fna	GB_GCA_022841885.1
../reference_genomes/new_in_r214/GB_GCA_944320305.1.fna	GB_GCA_944320305.1
../reference_genomes/new_in_r214/GB_GCA_919903025.1.fna	GB_GCA_919903025.1
../reference_genomes/new_in_r214/GB_GCA_023435825.1.fna	GB_GCA_023435825.1
../reference_genomes/new_in_r214/GB_GCA_021814475.1.fna	GB_GCA_021814475.1
../reference_genomes/new_in_r214/GB_GCA_021531865.1.fna	GB_GCA_021531865.1
../reference_genomes/new_in_r214/GB_GCA_021811325.1.fna	GB_GCA_021811325.1
../reference_genomes/new_in_r214/GB_GCA_022827685.1.fna	GB_GCA_022827685.1
../reference_genomes/new_in_r214/RS_GCF_019669985.1.fna	RS_GCF_019669985.1
../reference_genomes/new_in_r214/GB_GCA_021801525.1.fna	GB_GCA_021801525.1
../reference_genomes/new_in_r214/RS_GCF_927798115.1.fna	RS_GCF_927798115.1
../reference_genomes/new_in_r214/RS_GCF_022808325.1.fna	RS_GCF_022808325.1
../reference_genomes/new_in_r214/GB_GCA_021846325.1.fna	GB_GCA_021846325.1
../reference_genomes/new_in_r214/GB_GCA_913057135.1.fna	GB_GCA_913057135.1
../reference_genomes/new_in_r214/GB_GCA_021325375.1.fna	GB_GCA_021325375.1
../reference_genomes/new_in_r214/GB_GCA_910588125.1.fna	GB_GCA_910588125.1
../reference_genomes/new_in_r214/GB_GCA_944363615.1.fna	GB_GCA_944363615.1
../reference_genomes/new_in_r214/GB_GCA_020427005.1.fna	GB_GCA_020427005.1
../reference_genomes/new_in_r214/GB_GCA_934500835.1.fna	GB_GCA_934500835.1
../reference_genomes/new_in_r214/GB_GCA_944393015.1.fna	GB_GCA_944393015.1
../reference_genomes/new_in_r214/GB_GCA_945906105.1.fna	GB_GCA_945906105.1
../reference_genomes/new_in_r214/GB_GCA_023662835.1.fna	GB_GCA_023662835.1
../reference_genomes/new_in_r214/GB_GCA_020025275.1.fna	GB_GCA_020025275.1
../reference_genomes/new_in_r214/RS_GCF_019656015.1.fna	RS_GCF_019656015.1
../reference_genomes/new_in_r214/GB_GCA_025127995.1.fna	GB_GCA_025127995.1
../reference_genomes/new_in_r214/GB_GCA_021806765.1.fna	GB_GCA_021806765.1
../reference_genomes/new_in_r214/RS_GCF_020297365.1.fna	RS_GCF_020297365.1
../reference_genomes/new_in_r214/RS_GCF_019924045.1.fna	RS_GCF_019924045.1
../reference_genomes/new_in_r214/GB_GCA_021205185.1.fna	GB_GCA_021205185.1
../reference_genomes/new_in_r214/GB_GCA_021802485.1.fna	GB_GCA_021802485.1
../reference_genomes/new_in_r214/GB_GCA_021809185.1.fna	GB_GCA_021809185.1
../reference_genomes/new_in_r214/GB_GCA_025146565.1.fna	GB_GCA_025146565.1
../reference_genomes/new_in_r214/RS_GCF_024343575.1.fna	RS_GCF_024343575.1
../reference_genomes/new_in_r214/GB_GCA_944327105.1.fna	GB_GCA_944327105.1
../reference_genomes/new_in_r214/GB_GCA_934647235.1.fna	GB_GCA_934647235.1
../reference_genomes/new_in_r214/GB_GCA_023954305.1.fna	GB_GCA_023954305.1
../reference_genomes/new_in_r214/RS_GCF_023051105.1.fna	RS_GCF_023051105.1
../reference_genomes/new_in_r214/GB_GCA_019638805.1.fna	GB_GCA_019638805.1
../reference_genomes/new_in_r214/GB_GCA_020099315.1.fna	GB_GCA_020099315.1
../reference_genomes/new_in_r214/GB_GCA_934476675.1.fna	GB_GCA_934476675.1
../reference_genomes/new_in_r214/GB_GCA_021787335.1.fna	GB_GCA_021787335.1
../reference_genomes/new_in_r214/GB_GCA_913056155.1.fna	GB_GCA_913056155.1
../reference_genomes/new_in_r214/GB_GCA_021201905.1.fna	GB_GCA_021201905.1
../reference_genomes/new_in_r214/RS_GCF_023734775.1.fna	RS_GCF_023734775.1
../reference_genomes/new_in_r214/GB_GCA_021806295.1.fna	GB_GCA_021806295.1
../reference_genomes/new_in_r214/GB_GCA_934489015.1.fna	GB_GCA_934489015.1
../reference_genomes/new_in_r214/GB_GCA_023953845.1.fna	GB_GCA_023953845.1
../reference_genomes/new_in_r214/RS_GCF_020097815.1.fna	RS_GCF_020097815.1
../reference_genomes/new_in_r214/RS_GCF_023746535.1.fna	RS_GCF_023746535.1
../reference_genomes/new_in_r214/RS_GCF_022479115.1.fna	RS_GCF_022479115.1
../reference_genomes/new_in_r214/RS_GCF_023195515.1.fna	RS_GCF_023195515.1
../reference_genomes/new_in_r214/RS_GCF_021165735.1.fna	RS_GCF_021165735.1
../reference_genomes/new_in_r214/GB_GCA_944322325.1.fna	GB_GCA_944322325.1
../reference_genomes/new_in_r214/GB_GCA_023433265.1.fna	GB_GCA_023433265.1
../reference_genomes/new_in_r214/GB_GCA_021159365.1.fna	GB_GCA_021159365.1
../reference_genomes/new_in_r214/GB_GCA_934590355.1.fna	GB_GCA_934590355.1
../reference_genomes/new_in_r214/GB_GCA_022760335.1.fna	GB_GCA_022760335.1
../reference_genomes/new_in_r214/GB_GCA_022823605.1.fna	GB_GCA_022823605.1
../reference_genomes/new_in_r214/RS_GCF_024397915.1.fna	RS_GCF_024397915.1
../reference_genomes/new_in_r214/GB_GCA_945903645.1.fna	GB_GCA_945903645.1
../reference_genomes/new_in_r214/GB_GCA_021810625.1.fna	GB_GCA_021810625.1
../reference_genomes/new_in_r214/GB_GCA_023460035.1.fna	GB_GCA_023460035.1
../reference_genomes/new_in_r214/RS_GCF_022213065.1.fna	RS_GCF_022213065.1
../reference_genomes/new_in_r214/GB_GCA_023417785.1.fna	GB_GCA_023417785.1
../reference_genomes/new_in_r214/GB_GCA_934746645.1.fna	GB_GCA_934746645.1
../reference_genomes/new_in_r214/RS_GCF_021655615.1.fna	RS_GCF_021655615.1
../reference_genomes/new_in_r214/GB_GCA_024276425.1.fna	GB_GCA_024276425.1
../reference_genomes/new_in_r214/GB_GCA_021732385.1.fna	GB_GCA_021732385.1
../reference_genomes/new_in_r214/GB_GCA_913050115.1.fna	GB_GCA_913050115.1
../reference_genomes/new_in_r214/RS_GCF_020169415.1.fna	RS_GCF_020169415.1
../reference_genomes/new_in_r214/GB_GCA_944326425.1.fna	GB_GCA_944326425.1
../reference_genomes/new_in_r214/GB_GCA_943914115.1.fna	GB_GCA_943914115.1
../reference_genomes/new_in_r214/GB_GCA_022790855.1.fna	GB_GCA_022790855.1
../reference_genomes/new_in_r214/RS_GCF_022808915.1.fna	RS_GCF_022808915.1
../reference_genomes/new_in_r214/RS_GCF_019343105.1.fna	RS_GCF_019343105.1
../reference_genomes/new_in_r214/GB_GCA_021821045.1.fna	GB_GCA_021821045.1
../reference_genomes/new_in_r214/GB_GCA_934675575.1.fna	GB_GCA_934675575.1
../reference_genomes/new_in_r214/RS_GCF_022965755.1.fna	RS_GCF_022965755.1
../reference_genomes/new_in_r214/RS_GCF_935825525.1.fna	RS_GCF_935825525.1
../reference_genomes/new_in_r214/RS_GCF_023634025.1.fna	RS_GCF_023634025.1
../reference_genomes/new_in_r214/GB_GCA_944378225.1.fna	GB_GCA_944378225.1
../reference_genomes/new_in_r214/RS_GCF_022790535.1.fna	RS_GCF_022790535.1
../reference_genomes/new_in_r214/RS_GCF_022531965.1.fna	RS_GCF_022531965.1
../reference_genomes/new_in_r214/GB_GCA_021772515.1.fna	GB_GCA_021772515.1
../reference_genomes/new_in_r214/GB_GCA_020161265.1.fna	GB_GCA_020161265.1
../reference_genomes/new_in_r214/GB_GCA_020026055.1.fna	GB_GCA_020026055.1
../reference_genomes/new_in_r214/GB_GCA_020431995.1.fna	GB_GCA_020431995.1
../reference_genomes/new_in_r214/RS_GCF_019749255.1.fna	RS_GCF_019749255.1
../reference_genomes/new_in_r214/GB_GCA_022510605.1.fna	GB_GCA_022510605.1
../reference_genomes/new_in_r214/GB_GCA_022783305.1.fna	GB_GCA_022783305.1
../reference_genomes/new_in_r214/RS_GCF_019880635.1.fna	RS_GCF_019880635.1
../reference_genomes/new_in_r214/GB_GCA_944387065.1.fna	GB_GCA_944387065.1
../reference_genomes/new_in_r214/RS_GCF_024707545.1.fna	RS_GCF_024707545.1
../reference_genomes/new_in_r214/GB_GCA_020890945.1.fna	GB_GCA_020890945.1
../reference_genomes/new_in_r214/GB_GCA_934546985.1.fna	GB_GCA_934546985.1
../reference_genomes/new_in_r214/GB_GCA_022652815.1.fna	GB_GCA_022652815.1
../reference_genomes/new_in_r214/GB_GCA_021204045.1.fna	GB_GCA_021204045.1
../reference_genomes/new_in_r214/GB_GCA_020073495.1.fna	GB_GCA_020073495.1
../reference_genomes/new_in_r214/GB_GCA_023436115.1.fna	GB_GCA_023436115.1
../reference_genomes/new_in_r214/GB_GCA_022450595.1.fna	GB_GCA_022450595.1
../reference_genomes/new_in_r214/GB_GCA_021307325.1.fna	GB_GCA_021307325.1
../reference_genomes/new_in_r214/GB_GCA_021156105.1.fna	GB_GCA_021156105.1
../reference_genomes/new_in_r214/GB_GCA_020722315.1.fna	GB_GCA_020722315.1
../reference_genomes/new_in_r214/GB_GCA_021806885.1.fna	GB_GCA_021806885.1
../reference_genomes/new_in_r214/GB_GCA_024637295.1.fna	GB_GCA_024637295.1
../reference_genomes/new_in_r214/RS_GCF_020532805.1.fna	RS_GCF_020532805.1
../reference_genomes/new_in_r214/GB_GCA_944391685.1.fna	GB_GCA_944391685.1
../reference_genomes/new_in_r214/GB_GCA_020622165.1.fna	GB_GCA_020622165.1
../reference_genomes/new_in_r214/GB_GCA_025152405.1.fna	GB_GCA_025152405.1
../reference_genomes/new_in_r214/RS_GCF_019399235.1.fna	RS_GCF_019399235.1
../reference_genomes/new_in_r214/GB_GCA_023701365.1.fna	GB_GCA_023701365.1
../reference_genomes/new_in_r214/GB_GCA_944321165.1.fna	GB_GCA_944321165.1
../reference_genomes/new_in_r214/RS_GCF_022814865.1.fna	RS_GCF_022814865.1
../reference_genomes/new_in_r214/GB_GCA_021846565.1.fna	GB_GCA_021846565.1
../reference_genomes/new_in_r214/RS_GCF_023715405.1.fna	RS_GCF_023715405.1
../reference_genomes/new_in_r214/GB_GCA_945901265.1.fna	GB_GCA_945901265.1
../reference_genomes/new_in_r214/GB_GCA_944321515.1.fna	GB_GCA_944321515.1
../reference_genomes/new_in_r214/GB_GCA_945874455.1.fna	GB_GCA_945874455.1
../reference_genomes/new_in_r214/RS_GCF_020424085.1.fna	RS_GCF_020424085.1
../reference_genomes/new_in_r214/GB_GCA_021443545.1.fna	GB_GCA_021443545.1
../reference_genomes/new_in_r214/GB_GCA_020628955.1.fna	GB_GCA_020628955.1
../reference_genomes/new_in_r214/GB_GCA_944320765.1.fna	GB_GCA_944320765.1
../reference_genomes/new_in_r214/RS_GCF_022647325.1.fna	RS_GCF_022647325.1
../reference_genomes/new_in_r214/RS_GCF_024339125.1.fna	RS_GCF_024339125.1
../reference_genomes/new_in_r214/GB_GCA_944385905.1.fna	GB_GCA_944385905.1
../reference_genomes/new_in_r214/GB_GCA_022820645.1.fna	GB_GCA_022820645.1
../reference_genomes/new_in_r214/GB_GCA_020249865.1.fna	GB_GCA_020249865.1
../reference_genomes/new_in_r214/GB_GCA_021772565.1.fna	GB_GCA_021772565.1
../reference_genomes/new_in_r214/GB_GCA_024699605.1.fna	GB_GCA_024699605.1
../reference_genomes/new_in_r214/GB_GCA_024277525.1.fna	GB_GCA_024277525.1
../reference_genomes/new_in_r214/RS_GCF_928381505.1.fna	RS_GCF_928381505.1
../reference_genomes/new_in_r214/GB_GCA_022566215.1.fna	GB_GCA_022566215.1
../reference_genomes/new_in_r214/GB_GCA_021797775.1.fna	GB_GCA_021797775.1
../reference_genomes/new_in_r214/GB_GCA_021819435.1.fna	GB_GCA_021819435.1
../reference_genomes/new_in_r214/GB_GCA_021817945.1.fna	GB_GCA_021817945.1
../reference_genomes/new_in_r214/GB_GCA_022706085.1.fna	GB_GCA_022706085.1
../reference_genomes/new_in_r214/GB_GCA_944391705.1.fna	GB_GCA_944391705.1
../reference_genomes/new_in_r214/GB_GCA_019420325.1.fna	GB_GCA_019420325.1
../reference_genomes/new_in_r214/RS_GCF_019598945.1.fna	RS_GCF_019598945.1
../reference_genomes/new_in_r214/RS_GCF_021172065.1.fna	RS_GCF_021172065.1
../reference_genomes/new_in_r214/GB_GCA_024347315.1.fna	GB_GCA_024347315.1
../reference_genomes/new_in_r214/GB_GCA_944385935.1.fna	GB_GCA_944385935.1
../reference_genomes/new_in_r214/GB_GCA_021824575.1.fna	GB_GCA_021824575.1
../reference_genomes/new_in_r214/GB_GCA_927797855.1.fna	GB_GCA_927797855.1
../reference_genomes/new_in_r214/GB_GCA_023450085.1.fna	GB_GCA_023450085.1
../reference_genomes/new_in_r214/GB_GCA_934338065.1.fna	GB_GCA_934338065.1
../reference_genomes/new_in_r214/GB_GCA_934272745.1.fna	GB_GCA_934272745.1
../reference_genomes/new_in_r214/GB_GCA_021298175.1.fna	GB_GCA_021298175.1
../reference_genomes/new_in_r214/RS_GCF_020026305.1.fna	RS_GCF_020026305.1
../reference_genomes/new_in_r214/GB_GCA_021775425.1.fna	GB_GCA_021775425.1
../reference_genomes/new_in_r214/GB_GCA_022770135.1.fna	GB_GCA_022770135.1
../reference_genomes/new_in_r214/GB_GCA_023957335.1.fna	GB_GCA_023957335.1
../reference_genomes/new_in_r214/RS_GCF_023630255.1.fna	RS_GCF_023630255.1
../reference_genomes/new_in_r214/GB_GCA_020026355.1.fna	GB_GCA_020026355.1
../reference_genomes/new_in_r214/GB_GCA_024653915.1.fna	GB_GCA_024653915.1
../reference_genomes/new_in_r214/RS_GCF_024918975.1.fna	RS_GCF_024918975.1
../reference_genomes/new_in_r214/RS_GCF_022489065.1.fna	RS_GCF_022489065.1
../reference_genomes/new_in_r214/GB_GCA_021817145.1.fna	GB_GCA_021817145.1
../reference_genomes/new_in_r214/GB_GCA_024643785.1.fna	GB_GCA_024643785.1
../reference_genomes/new_in_r214/RS_GCF_020662345.1.fna	RS_GCF_020662345.1
../reference_genomes/new_in_r214/GB_GCA_023639215.1.fna	GB_GCA_023639215.1
../reference_genomes/new_in_r214/GB_GCA_019415945.1.fna	GB_GCA_019415945.1
../reference_genomes/new_in_r214/GB_GCA_025128055.1.fna	GB_GCA_025128055.1
../reference_genomes/new_in_r214/RS_GCF_022678485.1.fna	RS_GCF_022678485.1
../reference_genomes/new_in_r214/GB_GCA_020852965.1.fna	GB_GCA_020852965.1
../reference_genomes/new_in_r214/GB_GCA_944326445.1.fna	GB_GCA_944326445.1
../reference_genomes/new_in_r214/GB_GCA_021785255.1.fna	GB_GCA_021785255.1
../reference_genomes/new_in_r214/RS_GCF_020278625.1.fna	RS_GCF_020278625.1
../reference_genomes/new_in_r214/RS_GCF_024168045.1.fna	RS_GCF_024168045.1
../reference_genomes/new_in_r214/RS_GCF_917627385.1.fna	RS_GCF_917627385.1
../reference_genomes/new_in_r214/GB_GCA_021781455.1.fna	GB_GCA_021781455.1
../reference_genomes/new_in_r214/GB_GCA_021202985.1.fna	GB_GCA_021202985.1
../reference_genomes/new_in_r214/GB_GCA_024690605.1.fna	GB_GCA_024690605.1
../reference_genomes/new_in_r214/GB_GCA_944322575.1.fna	GB_GCA_944322575.1
../reference_genomes/new_in_r214/RS_GCF_019392245.1.fna	RS_GCF_019392245.1
../reference_genomes/new_in_r214/RS_GCF_022631375.1.fna	RS_GCF_022631375.1
../reference_genomes/new_in_r214/GB_GCA_020435995.1.fna	GB_GCA_020435995.1
../reference_genomes/new_in_r214/GB_GCA_021820065.1.fna	GB_GCA_021820065.1
../reference_genomes/new_in_r214/GB_GCA_944383465.1.fna	GB_GCA_944383465.1
../reference_genomes/new_in_r214/GB_GCA_023229105.1.fna	GB_GCA_023229105.1
../reference_genomes/new_in_r214/GB_GCA_944325255.1.fna	GB_GCA_944325255.1
../reference_genomes/new_in_r214/GB_GCA_944390265.1.fna	GB_GCA_944390265.1
../reference_genomes/new_in_r214/GB_GCA_019510125.1.fna	GB_GCA_019510125.1
../reference_genomes/new_in_r214/GB_GCA_022571985.1.fna	GB_GCA_022571985.1
../reference_genomes/new_in_r214/GB_GCA_945267035.1.fna	GB_GCA_945267035.1
../reference_genomes/new_in_r214/GB_GCA_944341075.1.fna	GB_GCA_944341075.1
../reference_genomes/new_in_r214/GB_GCA_944367045.1.fna	GB_GCA_944367045.1
../reference_genomes/new_in_r214/RS_GCF_019710635.1.fna	RS_GCF_019710635.1
../reference_genomes/new_in_r214/GB_GCA_021815645.1.fna	GB_GCA_021815645.1
../reference_genomes/new_in_r214/GB_GCA_023667225.1.fna	GB_GCA_023667225.1
../reference_genomes/new_in_r214/GB_GCA_944390025.1.fna	GB_GCA_944390025.1
../reference_genomes/new_in_r214/GB_GCA_021108335.1.fna	GB_GCA_021108335.1
../reference_genomes/new_in_r214/GB_GCA_025153475.1.fna	GB_GCA_025153475.1
../reference_genomes/new_in_r214/GB_GCA_020721875.1.fna	GB_GCA_020721875.1
../reference_genomes/new_in_r214/GB_GCA_024278935.1.fna	GB_GCA_024278935.1
../reference_genomes/new_in_r214/GB_GCA_944369075.1.fna	GB_GCA_944369075.1
../reference_genomes/new_in_r214/GB_GCA_944380545.1.fna	GB_GCA_944380545.1
../reference_genomes/new_in_r214/GB_GCA_020053735.1.fna	GB_GCA_020053735.1
../reference_genomes/new_in_r214/GB_GCA_022652735.1.fna	GB_GCA_022652735.1
../reference_genomes/new_in_r214/RS_GCF_024714495.1.fna	RS_GCF_024714495.1
../reference_genomes/new_in_r214/GB_GCA_019309545.1.fna	GB_GCA_019309545.1
../reference_genomes/new_in_r214/GB_GCA_022800525.1.fna	GB_GCA_022800525.1
../reference_genomes/new_in_r214/RS_GCF_021215455.1.fna	RS_GCF_021215455.1
../reference_genomes/new_in_r214/RS_GCF_023822005.2.fna	RS_GCF_023822005.2
../reference_genomes/new_in_r214/GB_GCA_021821195.1.fna	GB_GCA_021821195.1
../reference_genomes/new_in_r214/RS_GCF_023585685.1.fna	RS_GCF_023585685.1
../reference_genomes/new_in_r214/GB_GCA_022824965.1.fna	GB_GCA_022824965.1
../reference_genomes/new_in_r214/RS_GCF_021341785.1.fna	RS_GCF_021341785.1
../reference_genomes/new_in_r214/RS_GCF_024207115.1.fna	RS_GCF_024207115.1
../reference_genomes/new_in_r214/GB_GCA_021205385.1.fna	GB_GCA_021205385.1
../reference_genomes/new_in_r214/GB_GCA_945879015.1.fna	GB_GCA_945879015.1
../reference_genomes/new_in_r214/GB_GCA_024919195.1.fna	GB_GCA_024919195.1
../reference_genomes/new_in_r214/RS_GCF_021729075.1.fna	RS_GCF_021729075.1
../reference_genomes/new_in_r214/GB_GCA_021890795.1.fna	GB_GCA_021890795.1
../reference_genomes/new_in_r214/GB_GCA_023451375.1.fna	GB_GCA_023451375.1
../reference_genomes/new_in_r214/GB_GCA_020063625.1.fna	GB_GCA_020063625.1
../reference_genomes/new_in_r214/GB_GCA_021813325.1.fna	GB_GCA_021813325.1
../reference_genomes/new_in_r214/RS_GCF_021698975.1.fna	RS_GCF_021698975.1
../reference_genomes/new_in_r214/RS_GCF_021431965.1.fna	RS_GCF_021431965.1
../reference_genomes/new_in_r214/GB_GCA_023511615.1.fna	GB_GCA_023511615.1
../reference_genomes/new_in_r214/GB_GCA_020161575.1.fna	GB_GCA_020161575.1
../reference_genomes/new_in_r214/RS_GCF_019704315.1.fna	RS_GCF_019704315.1
../reference_genomes/new_in_r214/GB_GCA_022787425.1.fna	GB_GCA_022787425.1
../reference_genomes/new_in_r214/RS_GCF_020532645.1.fna	RS_GCF_020532645.1
../reference_genomes/new_in_r214/RS_GCF_023074055.1.fna	RS_GCF_023074055.1
../reference_genomes/new_in_r214/GB_GCA_024280935.1.fna	GB_GCA_024280935.1
../reference_genomes/new_in_r214/RS_GCF_019711495.1.fna	RS_GCF_019711495.1
../reference_genomes/new_in_r214/GB_GCA_021108395.1.fna	GB_GCA_021108395.1
../reference_genomes/new_in_r214/GB_GCA_019550975.1.fna	GB_GCA_019550975.1
../reference_genomes/new_in_r214/RS_GCF_002891435.1.fna	RS_GCF_002891435.1
../reference_genomes/new_in_r214/GB_GCA_020024645.1.fna	GB_GCA_020024645.1
../reference_genomes/new_in_r214/RS_GCF_023208015.1.fna	RS_GCF_023208015.1
../reference_genomes/new_in_r214/RS_GCF_019711395.1.fna	RS_GCF_019711395.1
../reference_genomes/new_in_r214/GB_GCA_025056155.1.fna	GB_GCA_025056155.1
../reference_genomes/new_in_r214/GB_GCA_020555605.1.fna	GB_GCA_020555605.1
../reference_genomes/new_in_r214/GB_GCA_021780585.1.fna	GB_GCA_021780585.1
../reference_genomes/new_in_r214/RS_GCF_022538115.1.fna	RS_GCF_022538115.1
../reference_genomes/new_in_r214/GB_GCA_023169805.1.fna	GB_GCA_023169805.1
../reference_genomes/new_in_r214/GB_GCA_019753235.1.fna	GB_GCA_019753235.1
../reference_genomes/new_in_r214/GB_GCA_024349685.1.fna	GB_GCA_024349685.1
../reference_genomes/new_in_r214/GB_GCA_944388105.1.fna	GB_GCA_944388105.1
../reference_genomes/new_in_r214/GB_GCA_023489375.1.fna	GB_GCA_023489375.1
../reference_genomes/new_in_r214/GB_GCA_024709145.1.fna	GB_GCA_024709145.1
../reference_genomes/new_in_r214/GB_GCA_019638705.1.fna	GB_GCA_019638705.1
../reference_genomes/new_in_r214/GB_GCA_023957835.1.fna	GB_GCA_023957835.1
../reference_genomes/new_in_r214/GB_GCA_913060645.1.fna	GB_GCA_913060645.1
../reference_genomes/new_in_r214/RS_GCF_024362385.1.fna	RS_GCF_024362385.1
../reference_genomes/new_in_r214/RS_GCF_022374935.2.fna	RS_GCF_022374935.2
../reference_genomes/new_in_r214/RS_GCF_022846435.1.fna	RS_GCF_022846435.1
../reference_genomes/new_in_r214/GB_GCA_021160575.1.fna	GB_GCA_021160575.1
../reference_genomes/new_in_r214/RS_GCF_020176695.1.fna	RS_GCF_020176695.1
../reference_genomes/new_in_r214/RS_GCF_019453995.1.fna	RS_GCF_019453995.1
../reference_genomes/new_in_r214/GB_GCA_020054105.1.fna	GB_GCA_020054105.1
../reference_genomes/new_in_r214/GB_GCA_021156165.1.fna	GB_GCA_021156165.1
../reference_genomes/new_in_r214/GB_GCA_944342015.1.fna	GB_GCA_944342015.1
../reference_genomes/new_in_r214/GB_GCA_023806635.1.fna	GB_GCA_023806635.1
../reference_genomes/new_in_r214/RS_GCF_020907985.1.fna	RS_GCF_020907985.1
../reference_genomes/new_in_r214/GB_GCA_913057645.1.fna	GB_GCA_913057645.1
../reference_genomes/new_in_r214/GB_GCA_021821885.1.fna	GB_GCA_021821885.1
../reference_genomes/new_in_r214/GB_GCA_934096715.1.fna	GB_GCA_934096715.1
../reference_genomes/new_in_r214/GB_GCA_944326355.1.fna	GB_GCA_944326355.1
../reference_genomes/new_in_r214/RS_GCF_023700755.1.fna	RS_GCF_023700755.1
../reference_genomes/new_in_r214/RS_GCF_020711255.1.fna	RS_GCF_020711255.1
../reference_genomes/new_in_r214/GB_GCA_944321345.1.fna	GB_GCA_944321345.1
../reference_genomes/new_in_r214/RS_GCF_023657445.1.fna	RS_GCF_023657445.1
../reference_genomes/new_in_r214/RS_GCF_022549675.1.fna	RS_GCF_022549675.1
../reference_genomes/new_in_r214/RS_GCF_022532105.1.fna	RS_GCF_022532105.1
../reference_genomes/new_in_r214/GB_GCA_944381475.1.fna	GB_GCA_944381475.1
../reference_genomes/new_in_r214/GB_GCA_019753105.1.fna	GB_GCA_019753105.1
../reference_genomes/new_in_r214/GB_GCA_944392335.1.fna	GB_GCA_944392335.1
../reference_genomes/new_in_r214/RS_GCF_021513175.1.fna	RS_GCF_021513175.1
../reference_genomes/new_in_r214/GB_GCA_024642525.1.fna	GB_GCA_024642525.1
../reference_genomes/new_in_r214/GB_GCA_024402655.1.fna	GB_GCA_024402655.1
../reference_genomes/new_in_r214/GB_GCA_022508375.1.fna	GB_GCA_022508375.1
../reference_genomes/new_in_r214/RS_GCF_024753245.1.fna	RS_GCF_024753245.1
../reference_genomes/new_in_r214/GB_GCA_021845645.1.fna	GB_GCA_021845645.1
../reference_genomes/new_in_r214/RS_GCF_021129235.1.fna	RS_GCF_021129235.1
../reference_genomes/new_in_r214/GB_GCA_022712275.1.fna	GB_GCA_022712275.1
../reference_genomes/new_in_r214/RS_GCF_022953055.1.fna	RS_GCF_022953055.1
../reference_genomes/new_in_r214/GB_GCA_021791675.1.fna	GB_GCA_021791675.1
../reference_genomes/new_in_r214/RS_GCF_918741295.1.fna	RS_GCF_918741295.1
../reference_genomes/new_in_r214/GB_GCA_025145645.1.fna	GB_GCA_025145645.1
../reference_genomes/new_in_r214/GB_GCA_944381405.1.fna	GB_GCA_944381405.1
../reference_genomes/new_in_r214/RS_GCF_023656545.1.fna	RS_GCF_023656545.1
../reference_genomes/new_in_r214/GB_GCA_944385415.1.fna	GB_GCA_944385415.1
../reference_genomes/new_in_r214/RS_GCF_024749285.1.fna	RS_GCF_024749285.1
../reference_genomes/new_in_r214/GB_GCA_025150565.1.fna	GB_GCA_025150565.1
../reference_genomes/new_in_r214/RS_GCF_021390335.1.fna	RS_GCF_021390335.1
../reference_genomes/new_in_r214/GB_GCA_019421345.1.fna	GB_GCA_019421345.1
../reference_genomes/new_in_r214/RS_GCF_019443505.1.fna	RS_GCF_019443505.1
../reference_genomes/new_in_r214/GB_GCA_021781575.1.fna	GB_GCA_021781575.1
../reference_genomes/new_in_r214/GB_GCA_025149945.1.fna	GB_GCA_025149945.1
../reference_genomes/new_in_r214/RS_GCF_022662195.1.fna	RS_GCF_022662195.1
../reference_genomes/new_in_r214/GB_GCA_024639785.1.fna	GB_GCA_024639785.1
../reference_genomes/new_in_r214/GB_GCA_945897185.1.fna	GB_GCA_945897185.1
../reference_genomes/new_in_r214/GB_GCA_024742305.1.fna	GB_GCA_024742305.1
../reference_genomes/new_in_r214/GB_GCA_024400125.1.fna	GB_GCA_024400125.1
../reference_genomes/new_in_r214/GB_GCA_025060695.1.fna	GB_GCA_025060695.1
../reference_genomes/new_in_r214/RS_GCF_024124905.1.fna	RS_GCF_024124905.1
../reference_genomes/new_in_r214/RS_GCF_020709055.1.fna	RS_GCF_020709055.1
../reference_genomes/new_in_r214/RS_GCF_917563915.1.fna	RS_GCF_917563915.1
../reference_genomes/new_in_r214/RS_GCF_019443325.1.fna	RS_GCF_019443325.1
../reference_genomes/new_in_r214/GB_GCA_945862245.1.fna	GB_GCA_945862245.1
../reference_genomes/new_in_r214/GB_GCA_021806645.1.fna	GB_GCA_021806645.1
../reference_genomes/new_in_r214/RS_GCF_019343195.1.fna	RS_GCF_019343195.1
../reference_genomes/new_in_r214/GB_GCA_024404115.1.fna	GB_GCA_024404115.1
../reference_genomes/new_in_r214/GB_GCA_021151785.1.fna	GB_GCA_021151785.1
../reference_genomes/new_in_r214/GB_GCA_021373135.1.fna	GB_GCA_021373135.1
../reference_genomes/new_in_r214/GB_GCA_019636095.1.fna	GB_GCA_019636095.1
../reference_genomes/new_in_r214/GB_GCA_913056215.1.fna	GB_GCA_913056215.1
../reference_genomes/new_in_r214/RS_GCF_022014495.1.fna	RS_GCF_022014495.1
../reference_genomes/new_in_r214/GB_GCA_944324915.1.fna	GB_GCA_944324915.1
../reference_genomes/new_in_r214/RS_GCF_024300625.1.fna	RS_GCF_024300625.1
../reference_genomes/new_in_r214/GB_GCA_019355395.1.fna	GB_GCA_019355395.1
../reference_genomes/new_in_r214/GB_GCA_021805205.1.fna	GB_GCA_021805205.1
../reference_genomes/new_in_r214/RS_GCF_023614235.1.fna	RS_GCF_023614235.1
../reference_genomes/new_in_r214/RS_GCF_023330685.1.fna	RS_GCF_023330685.1
../reference_genomes/new_in_r214/GB_GCA_944390765.1.fna	GB_GCA_944390765.1
../reference_genomes/new_in_r214/GB_GCA_023394415.1.fna	GB_GCA_023394415.1
../reference_genomes/new_in_r214/GB_GCA_934168275.1.fna	GB_GCA_934168275.1
../reference_genomes/new_in_r214/GB_GCA_021647905.1.fna	GB_GCA_021647905.1
../reference_genomes/new_in_r214/RS_GCF_023333595.1.fna	RS_GCF_023333595.1
../reference_genomes/new_in_r214/RS_GCF_021531715.1.fna	RS_GCF_021531715.1
../reference_genomes/new_in_r214/RS_GCF_024518835.1.fna	RS_GCF_024518835.1
../reference_genomes/new_in_r214/GB_GCA_944385995.1.fna	GB_GCA_944385995.1
../reference_genomes/new_in_r214/RS_GCF_024580525.1.fna	RS_GCF_024580525.1
../reference_genomes/new_in_r214/RS_GCF_023023105.1.fna	RS_GCF_023023105.1
../reference_genomes/new_in_r214/GB_GCA_024401095.1.fna	GB_GCA_024401095.1
../reference_genomes/new_in_r214/GB_GCA_022482545.1.fna	GB_GCA_022482545.1
../reference_genomes/new_in_r214/RS_GCF_020422885.1.fna	RS_GCF_020422885.1
../reference_genomes/new_in_r214/GB_GCA_019752555.1.fna	GB_GCA_019752555.1
../reference_genomes/new_in_r214/RS_GCF_024138125.1.fna	RS_GCF_024138125.1
../reference_genomes/new_in_r214/GB_GCA_019748055.1.fna	GB_GCA_019748055.1
../reference_genomes/new_in_r214/RS_GCF_019957155.1.fna	RS_GCF_019957155.1
../reference_genomes/new_in_r214/GB_GCA_945907065.1.fna	GB_GCA_945907065.1
../reference_genomes/new_in_r214/GB_GCA_022072025.1.fna	GB_GCA_022072025.1
../reference_genomes/new_in_r214/GB_GCA_020249145.1.fna	GB_GCA_020249145.1
../reference_genomes/new_in_r214/GB_GCA_022838705.1.fna	GB_GCA_022838705.1
../reference_genomes/new_in_r214/GB_GCA_020850455.1.fna	GB_GCA_020850455.1
../reference_genomes/new_in_r214/GB_GCA_022791055.1.fna	GB_GCA_022791055.1
../reference_genomes/new_in_r214/GB_GCA_020725335.1.fna	GB_GCA_020725335.1
../reference_genomes/new_in_r214/RS_GCF_023897015.1.fna	RS_GCF_023897015.1
../reference_genomes/new_in_r214/GB_GCA_944392555.1.fna	GB_GCA_944392555.1
../reference_genomes/new_in_r214/GB_GCA_021803085.1.fna	GB_GCA_021803085.1
../reference_genomes/new_in_r214/GB_GCA_019913005.1.fna	GB_GCA_019913005.1
../reference_genomes/new_in_r214/GB_GCA_021768185.1.fna	GB_GCA_021768185.1
../reference_genomes/new_in_r214/RS_GCF_019375555.1.fna	RS_GCF_019375555.1
../reference_genomes/new_in_r214/RS_GCF_024281235.1.fna	RS_GCF_024281235.1
../reference_genomes/new_in_r214/GB_GCA_021648525.1.fna	GB_GCA_021648525.1
../reference_genomes/new_in_r214/RS_GCF_021602345.1.fna	RS_GCF_021602345.1
../reference_genomes/new_in_r214/GB_GCA_024346715.1.fna	GB_GCA_024346715.1
../reference_genomes/new_in_r214/RS_GCF_021044685.1.fna	RS_GCF_021044685.1
../reference_genomes/new_in_r214/RS_GCF_019798055.1.fna	RS_GCF_019798055.1
../reference_genomes/new_in_r214/GB_GCA_021775005.1.fna	GB_GCA_021775005.1
../reference_genomes/new_in_r214/RS_GCF_021739025.1.fna	RS_GCF_021739025.1
../reference_genomes/new_in_r214/RS_GCF_022601895.1.fna	RS_GCF_022601895.1
../reference_genomes/new_in_r214/GB_GCA_023430465.1.fna	GB_GCA_023430465.1
../reference_genomes/new_in_r214/GB_GCA_022447665.1.fna	GB_GCA_022447665.1
../reference_genomes/new_in_r214/GB_GCA_945901155.1.fna	GB_GCA_945901155.1
../reference_genomes/new_in_r214/GB_GCA_021805665.1.fna	GB_GCA_021805665.1
../reference_genomes/new_in_r214/RS_GCF_020421205.1.fna	RS_GCF_020421205.1
../reference_genomes/new_in_r214/GB_GCA_022769565.1.fna	GB_GCA_022769565.1
../reference_genomes/new_in_r214/GB_GCA_021824365.1.fna	GB_GCA_021824365.1
../reference_genomes/new_in_r214/GB_GCA_024637055.1.fna	GB_GCA_024637055.1
../reference_genomes/new_in_r214/GB_GCA_022768805.1.fna	GB_GCA_022768805.1
../reference_genomes/new_in_r214/RS_GCF_021533195.1.fna	RS_GCF_021533195.1
../reference_genomes/new_in_r214/RS_GCF_022565915.1.fna	RS_GCF_022565915.1
../reference_genomes/new_in_r214/RS_GCF_023016085.1.fna	RS_GCF_023016085.1
../reference_genomes/new_in_r214/RS_GCF_022410535.1.fna	RS_GCF_022410535.1
../reference_genomes/new_in_r214/RS_GCF_916858655.1.fna	RS_GCF_916858655.1
../reference_genomes/new_in_r214/GB_GCA_021199355.1.fna	GB_GCA_021199355.1
../reference_genomes/new_in_r214/RS_GCF_022346185.1.fna	RS_GCF_022346185.1
../reference_genomes/new_in_r214/RS_GCF_019331795.1.fna	RS_GCF_019331795.1
../reference_genomes/new_in_r214/RS_GCF_023015965.1.fna	RS_GCF_023015965.1
../reference_genomes/new_in_r214/RS_GCF_021083185.1.fna	RS_GCF_021083185.1
../reference_genomes/new_in_r214/GB_GCA_020852855.1.fna	GB_GCA_020852855.1
../reference_genomes/new_in_r214/GB_GCA_020629415.1.fna	GB_GCA_020629415.1
../reference_genomes/new_in_r214/GB_GCA_021824065.1.fna	GB_GCA_021824065.1
../reference_genomes/new_in_r214/GB_GCA_023431185.1.fna	GB_GCA_023431185.1
../reference_genomes/new_in_r214/GB_GCA_944382705.1.fna	GB_GCA_944382705.1
../reference_genomes/new_in_r214/GB_GCA_019509985.1.fna	GB_GCA_019509985.1
../reference_genomes/new_in_r214/RS_GCF_024609265.1.fna	RS_GCF_024609265.1
../reference_genomes/new_in_r214/GB_GCA_020161455.1.fna	GB_GCA_020161455.1
../reference_genomes/new_in_r214/RS_GCF_020616555.1.fna	RS_GCF_020616555.1
../reference_genomes/new_in_r214/RS_GCF_019457945.1.fna	RS_GCF_019457945.1
../reference_genomes/new_in_r214/RS_GCF_022606295.1.fna	RS_GCF_022606295.1
../reference_genomes/new_in_r214/GB_GCA_023664385.1.fna	GB_GCA_023664385.1
../reference_genomes/new_in_r214/GB_GCA_934875375.1.fna	GB_GCA_934875375.1
../reference_genomes/new_in_r214/GB_GCA_021732005.1.fna	GB_GCA_021732005.1
../reference_genomes/new_in_r214/GB_GCA_934446355.1.fna	GB_GCA_934446355.1
../reference_genomes/new_in_r214/RS_GCF_024346455.1.fna	RS_GCF_024346455.1
../reference_genomes/new_in_r214/GB_GCA_023251155.1.fna	GB_GCA_023251155.1
../reference_genomes/new_in_r214/RS_GCF_023238205.1.fna	RS_GCF_023238205.1
../reference_genomes/new_in_r214/RS_GCF_019317285.1.fna	RS_GCF_019317285.1
../reference_genomes/new_in_r214/GB_GCA_020854915.1.fna	GB_GCA_020854915.1
../reference_genomes/new_in_r214/RS_GCF_019737615.1.fna	RS_GCF_019737615.1
../reference_genomes/new_in_r214/GB_GCA_023151265.1.fna	GB_GCA_023151265.1
../reference_genomes/new_in_r214/GB_GCA_019694575.1.fna	GB_GCA_019694575.1
../reference_genomes/new_in_r214/GB_GCA_023663525.1.fna	GB_GCA_023663525.1
../reference_genomes/new_in_r214/GB_GCA_944391395.1.fna	GB_GCA_944391395.1
../reference_genomes/new_in_r214/GB_GCA_021803035.1.fna	GB_GCA_021803035.1
../reference_genomes/new_in_r214/RS_GCF_023923225.1.fna	RS_GCF_023923225.1
../reference_genomes/new_in_r214/RS_GCF_020179405.1.fna	RS_GCF_020179405.1
../reference_genomes/new_in_r214/GB_GCA_020248985.1.fna	GB_GCA_020248985.1
../reference_genomes/new_in_r214/RS_GCF_021502585.1.fna	RS_GCF_021502585.1
../reference_genomes/new_in_r214/GB_GCA_944324525.1.fna	GB_GCA_944324525.1
../reference_genomes/new_in_r214/GB_GCA_021639365.1.fna	GB_GCA_021639365.1
../reference_genomes/new_in_r214/GB_GCA_021798835.1.fna	GB_GCA_021798835.1
../reference_genomes/new_in_r214/GB_GCA_944381435.1.fna	GB_GCA_944381435.1
../reference_genomes/new_in_r214/GB_GCA_944327115.1.fna	GB_GCA_944327115.1
../reference_genomes/new_in_r214/GB_GCA_934270345.1.fna	GB_GCA_934270345.1
../reference_genomes/new_in_r214/GB_GCA_020860705.1.fna	GB_GCA_020860705.1
../reference_genomes/new_in_r214/RS_GCF_022662535.1.fna	RS_GCF_022662535.1
../reference_genomes/new_in_r214/RS_GCF_022984075.1.fna	RS_GCF_022984075.1
../reference_genomes/new_in_r214/RS_GCF_019511525.1.fna	RS_GCF_019511525.1
../reference_genomes/new_in_r214/GB_GCA_020848435.1.fna	GB_GCA_020848435.1
../reference_genomes/new_in_r214/GB_GCA_945903445.1.fna	GB_GCA_945903445.1
../reference_genomes/new_in_r214/RS_GCF_019793465.1.fna	RS_GCF_019793465.1
../reference_genomes/new_in_r214/RS_GCF_021532615.1.fna	RS_GCF_021532615.1
../reference_genomes/new_in_r214/GB_GCA_024742605.1.fna	GB_GCA_024742605.1
../reference_genomes/new_in_r214/GB_GCA_944349595.1.fna	GB_GCA_944349595.1
../reference_genomes/new_in_r214/GB_GCA_021325675.1.fna	GB_GCA_021325675.1
../reference_genomes/new_in_r214/GB_GCA_020544305.1.fna	GB_GCA_020544305.1
../reference_genomes/new_in_r214/GB_GCA_945873105.1.fna	GB_GCA_945873105.1
../reference_genomes/new_in_r214/GB_GCA_023666945.1.fna	GB_GCA_023666945.1
../reference_genomes/new_in_r214/GB_GCA_021029595.1.fna	GB_GCA_021029595.1
../reference_genomes/new_in_r214/GB_GCA_023544645.1.fna	GB_GCA_023544645.1
../reference_genomes/new_in_r214/RS_GCF_019656455.1.fna	RS_GCF_019656455.1
../reference_genomes/new_in_r214/GB_GCA_019695115.1.fna	GB_GCA_019695115.1
../reference_genomes/new_in_r214/RS_GCF_021295335.1.fna	RS_GCF_021295335.1
../reference_genomes/new_in_r214/GB_GCA_944387895.1.fna	GB_GCA_944387895.1
../reference_genomes/new_in_r214/RS_GCF_022690685.1.fna	RS_GCF_022690685.1
../reference_genomes/new_in_r214/GB_GCA_020630715.1.fna	GB_GCA_020630715.1
../reference_genomes/new_in_r214/GB_GCA_021741145.1.fna	GB_GCA_021741145.1
../reference_genomes/new_in_r214/GB_GCA_934513205.1.fna	GB_GCA_934513205.1
../reference_genomes/new_in_r214/GB_GCA_021790995.1.fna	GB_GCA_021790995.1
../reference_genomes/new_in_r214/GB_GCA_020832285.1.fna	GB_GCA_020832285.1
../reference_genomes/new_in_r214/GB_GCA_025059205.1.fna	GB_GCA_025059205.1
../reference_genomes/new_in_r214/GB_GCA_944319935.1.fna	GB_GCA_944319935.1
../reference_genomes/new_in_r214/RS_GCF_020554865.1.fna	RS_GCF_020554865.1
../reference_genomes/new_in_r214/GB_GCA_021832345.1.fna	GB_GCA_021832345.1
../reference_genomes/new_in_r214/RS_GCF_021117365.1.fna	RS_GCF_021117365.1
../reference_genomes/new_in_r214/GB_GCA_024276935.1.fna	GB_GCA_024276935.1
../reference_genomes/new_in_r214/GB_GCA_022822725.1.fna	GB_GCA_022822725.1
../reference_genomes/new_in_r214/RS_GCF_022809315.1.fna	RS_GCF_022809315.1
../reference_genomes/new_in_r214/GB_GCA_944322825.1.fna	GB_GCA_944322825.1
../reference_genomes/new_in_r214/RS_GCF_020985305.1.fna	RS_GCF_020985305.1
../reference_genomes/new_in_r214/RS_GCF_024582715.1.fna	RS_GCF_024582715.1
../reference_genomes/new_in_r214/GB_GCA_021813425.1.fna	GB_GCA_021813425.1
../reference_genomes/new_in_r214/GB_GCA_024345205.1.fna	GB_GCA_024345205.1
../reference_genomes/new_in_r214/RS_GCF_020164955.1.fna	RS_GCF_020164955.1
../reference_genomes/new_in_r214/GB_GCA_021201185.1.fna	GB_GCA_021201185.1
../reference_genomes/new_in_r214/GB_GCA_021800165.1.fna	GB_GCA_021800165.1
../reference_genomes/new_in_r214/GB_GCA_020072765.1.fna	GB_GCA_020072765.1
../reference_genomes/new_in_r214/GB_GCA_023423285.1.fna	GB_GCA_023423285.1
../reference_genomes/new_in_r214/GB_GCA_021800535.1.fna	GB_GCA_021800535.1
../reference_genomes/new_in_r214/RS_GCF_943193155.1.fna	RS_GCF_943193155.1
../reference_genomes/new_in_r214/GB_GCA_024642565.1.fna	GB_GCA_024642565.1
../reference_genomes/new_in_r214/RS_GCF_023715325.1.fna	RS_GCF_023715325.1
../reference_genomes/new_in_r214/RS_GCF_020193655.1.fna	RS_GCF_020193655.1
../reference_genomes/new_in_r214/RS_GCF_020514115.1.fna	RS_GCF_020514115.1
../reference_genomes/new_in_r214/GB_GCA_913773735.1.fna	GB_GCA_913773735.1
../reference_genomes/new_in_r214/GB_GCA_022449765.1.fna	GB_GCA_022449765.1
../reference_genomes/new_in_r214/GB_GCA_023301765.1.fna	GB_GCA_023301765.1
../reference_genomes/new_in_r214/GB_GCA_022059845.1.fna	GB_GCA_022059845.1
../reference_genomes/new_in_r214/GB_GCA_022511485.1.fna	GB_GCA_022511485.1
../reference_genomes/new_in_r214/GB_GCA_944325195.1.fna	GB_GCA_944325195.1
../reference_genomes/new_in_r214/RS_GCF_021290985.1.fna	RS_GCF_021290985.1
../reference_genomes/new_in_r214/RS_GCF_023283485.1.fna	RS_GCF_023283485.1
../reference_genomes/new_in_r214/GB_GCA_021199865.1.fna	GB_GCA_021199865.1
../reference_genomes/new_in_r214/GB_GCA_020445605.1.fna	GB_GCA_020445605.1
../reference_genomes/new_in_r214/RS_GCF_020179475.1.fna	RS_GCF_020179475.1
../reference_genomes/new_in_r214/GB_GCA_945828345.1.fna	GB_GCA_945828345.1
../reference_genomes/new_in_r214/GB_GCA_945882915.1.fna	GB_GCA_945882915.1
../reference_genomes/new_in_r214/RS_GCF_023074175.1.fna	RS_GCF_023074175.1
../reference_genomes/new_in_r214/RS_GCF_020524585.1.fna	RS_GCF_020524585.1
../reference_genomes/new_in_r214/GB_GCA_021324395.1.fna	GB_GCA_021324395.1
../reference_genomes/new_in_r214/RS_GCF_020641055.1.fna	RS_GCF_020641055.1
../reference_genomes/new_in_r214/GB_GCA_023387375.1.fna	GB_GCA_023387375.1
../reference_genomes/new_in_r214/RS_GCF_021502675.1.fna	RS_GCF_021502675.1
../reference_genomes/new_in_r214/GB_GCA_021774575.1.fna	GB_GCA_021774575.1
../reference_genomes/new_in_r214/GB_GCA_019638235.1.fna	GB_GCA_019638235.1
../reference_genomes/new_in_r214/GB_GCA_021324185.1.fna	GB_GCA_021324185.1
../reference_genomes/new_in_r214/GB_GCA_021730225.1.fna	GB_GCA_021730225.1
../reference_genomes/new_in_r214/GB_GCA_019454225.1.fna	GB_GCA_019454225.1
../reference_genomes/new_in_r214/GB_GCA_024397935.1.fna	GB_GCA_024397935.1
../reference_genomes/new_in_r214/GB_GCA_023525255.1.fna	GB_GCA_023525255.1
../reference_genomes/new_in_r214/RS_GCF_024372725.1.fna	RS_GCF_024372725.1
../reference_genomes/new_in_r214/GB_GCA_945897825.1.fna	GB_GCA_945897825.1
../reference_genomes/new_in_r214/GB_GCA_019752095.1.fna	GB_GCA_019752095.1
../reference_genomes/new_in_r214/RS_GCF_024159085.1.fna	RS_GCF_024159085.1
../reference_genomes/new_in_r214/RS_GCF_022646885.1.fna	RS_GCF_022646885.1
../reference_genomes/new_in_r214/GB_GCA_021781735.1.fna	GB_GCA_021781735.1
../reference_genomes/new_in_r214/RS_GCF_021272345.1.fna	RS_GCF_021272345.1
../reference_genomes/new_in_r214/RS_GCF_019823065.1.fna	RS_GCF_019823065.1
../reference_genomes/new_in_r214/GB_GCA_944391445.1.fna	GB_GCA_944391445.1
../reference_genomes/new_in_r214/GB_GCA_022768545.1.fna	GB_GCA_022768545.1
../reference_genomes/new_in_r214/RS_GCF_022760955.1.fna	RS_GCF_022760955.1
../reference_genomes/new_in_r214/GB_GCA_019359215.1.fna	GB_GCA_019359215.1
../reference_genomes/new_in_r214/GB_GCA_020725115.1.fna	GB_GCA_020725115.1
../reference_genomes/new_in_r214/GB_GCA_021852275.1.fna	GB_GCA_021852275.1
../reference_genomes/new_in_r214/RS_GCF_024320865.1.fna	RS_GCF_024320865.1
../reference_genomes/new_in_r214/GB_GCA_022769085.1.fna	GB_GCA_022769085.1
../reference_genomes/new_in_r214/GB_GCA_020349905.1.fna	GB_GCA_020349905.1
../reference_genomes/new_in_r214/GB_GCA_023405135.1.fna	GB_GCA_023405135.1
../reference_genomes/new_in_r214/RS_GCF_024129735.1.fna	RS_GCF_024129735.1
../reference_genomes/new_in_r214/GB_GCA_019694895.1.fna	GB_GCA_019694895.1
../reference_genomes/new_in_r214/GB_GCA_020852835.1.fna	GB_GCA_020852835.1
../reference_genomes/new_in_r214/GB_GCA_021200535.1.fna	GB_GCA_021200535.1
../reference_genomes/new_in_r214/RS_GCF_021729015.1.fna	RS_GCF_021729015.1
../reference_genomes/new_in_r214/RS_GCF_024297065.1.fna	RS_GCF_024297065.1
../reference_genomes/new_in_r214/RS_GCF_019448235.1.fna	RS_GCF_019448235.1
../reference_genomes/new_in_r214/RS_GCF_943193005.1.fna	RS_GCF_943193005.1
../reference_genomes/new_in_r214/GB_GCA_023418925.1.fna	GB_GCA_023418925.1
../reference_genomes/new_in_r214/GB_GCA_913058255.1.fna	GB_GCA_913058255.1
../reference_genomes/new_in_r214/GB_GCA_023819255.1.fna	GB_GCA_023819255.1
../reference_genomes/new_in_r214/RS_GCF_020784175.1.fna	RS_GCF_020784175.1
../reference_genomes/new_in_r214/GB_GCA_021371955.1.fna	GB_GCA_021371955.1
../reference_genomes/new_in_r214/RS_GCF_021568695.1.fna	RS_GCF_021568695.1
../reference_genomes/new_in_r214/GB_GCA_944324075.1.fna	GB_GCA_944324075.1
../reference_genomes/new_in_r214/GB_GCA_021324575.1.fna	GB_GCA_021324575.1
../reference_genomes/new_in_r214/GB_GCA_023390775.1.fna	GB_GCA_023390775.1
../reference_genomes/new_in_r214/GB_GCA_944332205.1.fna	GB_GCA_944332205.1
../reference_genomes/new_in_r214/RS_GCF_024362785.1.fna	RS_GCF_024362785.1
../reference_genomes/new_in_r214/RS_GCF_021654165.1.fna	RS_GCF_021654165.1
../reference_genomes/new_in_r214/GB_GCA_024280995.1.fna	GB_GCA_024280995.1
../reference_genomes/new_in_r214/GB_GCA_021789945.1.fna	GB_GCA_021789945.1
../reference_genomes/new_in_r214/RS_GCF_023145695.1.fna	RS_GCF_023145695.1
../reference_genomes/new_in_r214/RS_GCF_019443405.1.fna	RS_GCF_019443405.1
../reference_genomes/new_in_r214/GB_GCA_019636155.1.fna	GB_GCA_019636155.1
../reference_genomes/new_in_r214/RS_GCF_024748695.1.fna	RS_GCF_024748695.1
../reference_genomes/new_in_r214/GB_GCA_022448315.1.fna	GB_GCA_022448315.1
../reference_genomes/new_in_r214/GB_GCA_023431045.1.fna	GB_GCA_023431045.1
../reference_genomes/new_in_r214/RS_GCF_019956415.1.fna	RS_GCF_019956415.1
../reference_genomes/new_in_r214/RS_GCF_022835695.1.fna	RS_GCF_022835695.1
../reference_genomes/new_in_r214/RS_GCF_020510585.1.fna	RS_GCF_020510585.1
../reference_genomes/new_in_r214/GB_GCA_913061275.1.fna	GB_GCA_913061275.1
../reference_genomes/new_in_r214/RS_GCF_022549695.1.fna	RS_GCF_022549695.1
../reference_genomes/new_in_r214/RS_GCF_024055595.1.fna	RS_GCF_024055595.1
../reference_genomes/new_in_r214/RS_GCF_021462825.1.fna	RS_GCF_021462825.1
../reference_genomes/new_in_r214/GB_GCA_934486875.1.fna	GB_GCA_934486875.1
../reference_genomes/new_in_r214/RS_GCF_905120465.1.fna	RS_GCF_905120465.1
../reference_genomes/new_in_r214/RS_GCF_020889685.1.fna	RS_GCF_020889685.1
../reference_genomes/new_in_r214/RS_GCF_024227435.1.fna	RS_GCF_024227435.1
../reference_genomes/new_in_r214/GB_GCA_021807105.1.fna	GB_GCA_021807105.1
../reference_genomes/new_in_r214/RS_GCF_023101085.1.fna	RS_GCF_023101085.1
../reference_genomes/new_in_r214/GB_GCA_934446475.1.fna	GB_GCA_934446475.1
../reference_genomes/new_in_r214/RS_GCF_023585745.1.fna	RS_GCF_023585745.1
../reference_genomes/new_in_r214/GB_GCA_944380305.1.fna	GB_GCA_944380305.1
../reference_genomes/new_in_r214/GB_GCA_025144465.1.fna	GB_GCA_025144465.1
../reference_genomes/new_in_r214/GB_GCA_913030825.1.fna	GB_GCA_913030825.1
../reference_genomes/new_in_r214/GB_GCA_024655905.1.fna	GB_GCA_024655905.1
../reference_genomes/new_in_r214/GB_GCA_023399035.1.fna	GB_GCA_023399035.1
../reference_genomes/new_in_r214/GB_GCA_945860945.1.fna	GB_GCA_945860945.1
../reference_genomes/new_in_r214/RS_GCF_019599405.1.fna	RS_GCF_019599405.1
../reference_genomes/new_in_r214/GB_GCA_944320965.1.fna	GB_GCA_944320965.1
../reference_genomes/new_in_r214/RS_GCF_021044585.1.fna	RS_GCF_021044585.1
../reference_genomes/new_in_r214/GB_GCA_021781555.1.fna	GB_GCA_021781555.1
../reference_genomes/new_in_r214/RS_GCF_021531995.1.fna	RS_GCF_021531995.1
../reference_genomes/new_in_r214/RS_GCF_024022995.1.fna	RS_GCF_024022995.1
../reference_genomes/new_in_r214/GB_GCA_022732885.1.fna	GB_GCA_022732885.1
../reference_genomes/new_in_r214/GB_GCA_024347535.1.fna	GB_GCA_024347535.1
../reference_genomes/new_in_r214/RS_GCF_020524765.1.fna	RS_GCF_020524765.1
../reference_genomes/new_in_r214/GB_GCA_021775415.1.fna	GB_GCA_021775415.1
../reference_genomes/new_in_r214/GB_GCA_022771715.1.fna	GB_GCA_022771715.1
../reference_genomes/new_in_r214/RS_GCF_021991875.1.fna	RS_GCF_021991875.1
../reference_genomes/new_in_r214/RS_GCF_019880585.1.fna	RS_GCF_019880585.1
../reference_genomes/new_in_r214/RS_GCF_022761115.1.fna	RS_GCF_022761115.1
../reference_genomes/new_in_r214/GB_GCA_913060655.1.fna	GB_GCA_913060655.1
../reference_genomes/new_in_r214/GB_GCA_024235955.1.fna	GB_GCA_024235955.1
../reference_genomes/new_in_r214/RS_GCF_019464495.1.fna	RS_GCF_019464495.1
../reference_genomes/new_in_r214/GB_GCA_024347215.1.fna	GB_GCA_024347215.1
../reference_genomes/new_in_r214/GB_GCA_021730635.1.fna	GB_GCA_021730635.1
../reference_genomes/new_in_r214/RS_GCF_024834055.1.fna	RS_GCF_024834055.1
../reference_genomes/new_in_r214/RS_GCF_020510665.1.fna	RS_GCF_020510665.1
../reference_genomes/new_in_r214/GB_GCA_943914475.1.fna	GB_GCA_943914475.1
../reference_genomes/new_in_r214/RS_GCF_020144665.1.fna	RS_GCF_020144665.1
../reference_genomes/new_in_r214/GB_GCA_913056195.1.fna	GB_GCA_913056195.1
../reference_genomes/new_in_r214/GB_GCA_020249505.1.fna	GB_GCA_020249505.1
../reference_genomes/new_in_r214/GB_GCA_024639505.1.fna	GB_GCA_024639505.1
../reference_genomes/new_in_r214/GB_GCA_024372625.1.fna	GB_GCA_024372625.1
../reference_genomes/new_in_r214/GB_GCA_025057395.1.fna	GB_GCA_025057395.1
../reference_genomes/new_in_r214/GB_GCA_022795155.1.fna	GB_GCA_022795155.1
../reference_genomes/new_in_r214/GB_GCA_022773945.1.fna	GB_GCA_022773945.1
../reference_genomes/new_in_r214/GB_GCA_025060475.1.fna	GB_GCA_025060475.1
../reference_genomes/new_in_r214/GB_GCA_021772455.1.fna	GB_GCA_021772455.1
../reference_genomes/new_in_r214/RS_GCF_021887715.1.fna	RS_GCF_021887715.1
../reference_genomes/new_in_r214/GB_GCA_020024465.1.fna	GB_GCA_020024465.1
../reference_genomes/new_in_r214/RS_GCF_023206055.1.fna	RS_GCF_023206055.1
../reference_genomes/new_in_r214/GB_GCA_944391505.1.fna	GB_GCA_944391505.1
../reference_genomes/new_in_r214/GB_GCA_020723285.1.fna	GB_GCA_020723285.1
../reference_genomes/new_in_r214/GB_GCA_022509065.1.fna	GB_GCA_022509065.1
../reference_genomes/new_in_r214/RS_GCF_024129865.1.fna	RS_GCF_024129865.1
../reference_genomes/new_in_r214/GB_GCA_020848075.1.fna	GB_GCA_020848075.1
../reference_genomes/new_in_r214/GB_GCA_944323825.1.fna	GB_GCA_944323825.1
../reference_genomes/new_in_r214/RS_GCF_023074075.1.fna	RS_GCF_023074075.1
../reference_genomes/new_in_r214/RS_GCF_021730445.1.fna	RS_GCF_021730445.1
../reference_genomes/new_in_r214/GB_GCA_021794355.1.fna	GB_GCA_021794355.1
../reference_genomes/new_in_r214/GB_GCA_019359445.1.fna	GB_GCA_019359445.1
../reference_genomes/new_in_r214/RS_GCF_918698095.1.fna	RS_GCF_918698095.1
../reference_genomes/new_in_r214/RS_GCF_020535565.1.fna	RS_GCF_020535565.1
../reference_genomes/new_in_r214/GB_GCA_934617425.1.fna	GB_GCA_934617425.1
../reference_genomes/new_in_r214/GB_GCA_934229785.1.fna	GB_GCA_934229785.1
../reference_genomes/new_in_r214/GB_GCA_021734075.1.fna	GB_GCA_021734075.1
../reference_genomes/new_in_r214/GB_GCA_913055685.1.fna	GB_GCA_913055685.1
../reference_genomes/new_in_r214/RS_GCF_022637555.1.fna	RS_GCF_022637555.1
../reference_genomes/new_in_r214/GB_GCA_022484265.1.fna	GB_GCA_022484265.1
../reference_genomes/new_in_r214/RS_GCF_019583405.1.fna	RS_GCF_019583405.1
../reference_genomes/new_in_r214/GB_GCA_934457095.1.fna	GB_GCA_934457095.1
../reference_genomes/new_in_r214/RS_GCF_019973375.1.fna	RS_GCF_019973375.1
../reference_genomes/new_in_r214/GB_GCA_913056255.1.fna	GB_GCA_913056255.1
../reference_genomes/new_in_r214/GB_GCA_022482625.1.fna	GB_GCA_022482625.1
../reference_genomes/new_in_r214/GB_GCA_913063035.1.fna	GB_GCA_913063035.1
../reference_genomes/new_in_r214/GB_GCA_020627825.1.fna	GB_GCA_020627825.1
../reference_genomes/new_in_r214/GB_GCA_023266115.1.fna	GB_GCA_023266115.1
../reference_genomes/new_in_r214/RS_GCF_020297055.1.fna	RS_GCF_020297055.1
../reference_genomes/new_in_r214/GB_GCA_944389295.1.fna	GB_GCA_944389295.1
../reference_genomes/new_in_r214/GB_GCA_944387915.1.fna	GB_GCA_944387915.1
../reference_genomes/new_in_r214/GB_GCA_023268255.1.fna	GB_GCA_023268255.1
../reference_genomes/new_in_r214/RS_GCF_022815905.1.fna	RS_GCF_022815905.1
../reference_genomes/new_in_r214/GB_GCA_944381225.1.fna	GB_GCA_944381225.1
../reference_genomes/new_in_r214/RS_GCF_021531665.1.fna	RS_GCF_021531665.1
../reference_genomes/new_in_r214/RS_GCF_021044565.1.fna	RS_GCF_021044565.1
../reference_genomes/new_in_r214/GB_GCA_025056215.1.fna	GB_GCA_025056215.1
../reference_genomes/new_in_r214/GB_GCA_022482735.1.fna	GB_GCA_022482735.1
../reference_genomes/new_in_r214/GB_GCA_020525365.1.fna	GB_GCA_020525365.1
../reference_genomes/new_in_r214/RS_GCF_023544665.1.fna	RS_GCF_023544665.1
../reference_genomes/new_in_r214/GB_GCA_023434535.1.fna	GB_GCA_023434535.1
../reference_genomes/new_in_r214/GB_GCA_022824405.1.fna	GB_GCA_022824405.1
../reference_genomes/new_in_r214/GB_GCA_944326095.1.fna	GB_GCA_944326095.1
../reference_genomes/new_in_r214/RS_GCF_943193075.1.fna	RS_GCF_943193075.1
../reference_genomes/new_in_r214/GB_GCA_021201755.1.fna	GB_GCA_021201755.1
../reference_genomes/new_in_r214/GB_GCA_024687305.1.fna	GB_GCA_024687305.1
../reference_genomes/new_in_r214/RS_GCF_021044885.1.fna	RS_GCF_021044885.1
../reference_genomes/new_in_r214/RS_GCF_023156585.1.fna	RS_GCF_023156585.1
../reference_genomes/new_in_r214/GB_GCA_025054615.1.fna	GB_GCA_025054615.1
../reference_genomes/new_in_r214/RS_GCF_020616515.1.fna	RS_GCF_020616515.1
../reference_genomes/new_in_r214/GB_GCA_020639155.1.fna	GB_GCA_020639155.1
../reference_genomes/new_in_r214/GB_GCA_944377805.1.fna	GB_GCA_944377805.1
../reference_genomes/new_in_r214/GB_GCA_019695345.1.fna	GB_GCA_019695345.1
../reference_genomes/new_in_r214/GB_GCA_930987725.1.fna	GB_GCA_930987725.1
../reference_genomes/new_in_r214/RS_GCF_020400655.1.fna	RS_GCF_020400655.1
../reference_genomes/new_in_r214/RS_GCF_902170785.1.fna	RS_GCF_902170785.1
../reference_genomes/new_in_r214/RS_GCF_010994755.1.fna	RS_GCF_010994755.1
../reference_genomes/new_in_r214/RS_GCF_002154375.1.fna	RS_GCF_002154375.1
../reference_genomes/new_in_r214/GB_GCA_022824005.1.fna	GB_GCA_022824005.1
../reference_genomes/new_in_r214/GB_GCA_020054675.1.fna	GB_GCA_020054675.1
../reference_genomes/new_in_r214/GB_GCA_913055905.1.fna	GB_GCA_913055905.1
../reference_genomes/new_in_r214/GB_GCA_020723125.1.fna	GB_GCA_020723125.1
../reference_genomes/new_in_r214/GB_GCA_021801255.1.fna	GB_GCA_021801255.1
../reference_genomes/new_in_r214/GB_GCA_020401865.1.fna	GB_GCA_020401865.1
../reference_genomes/new_in_r214/RS_GCF_021738965.1.fna	RS_GCF_021738965.1
../reference_genomes/new_in_r214/RS_GCF_024582695.1.fna	RS_GCF_024582695.1
../reference_genomes/new_in_r214/GB_GCA_019347675.1.fna	GB_GCA_019347675.1
../reference_genomes/new_in_r214/GB_GCA_023169885.1.fna	GB_GCA_023169885.1
../reference_genomes/new_in_r214/GB_GCA_944390045.1.fna	GB_GCA_944390045.1
../reference_genomes/new_in_r214/GB_GCA_019638285.1.fna	GB_GCA_019638285.1
../reference_genomes/new_in_r214/GB_GCA_024233865.1.fna	GB_GCA_024233865.1
../reference_genomes/new_in_r214/GB_GCA_944387625.1.fna	GB_GCA_944387625.1
../reference_genomes/new_in_r214/GB_GCA_021531385.1.fna	GB_GCA_021531385.1
../reference_genomes/new_in_r214/RS_GCF_019334345.1.fna	RS_GCF_019334345.1
../reference_genomes/new_in_r214/GB_GCA_024280775.1.fna	GB_GCA_024280775.1
../reference_genomes/new_in_r214/RS_GCF_024189315.1.fna	RS_GCF_024189315.1
../reference_genomes/new_in_r214/GB_GCA_021824635.1.fna	GB_GCA_021824635.1
../reference_genomes/new_in_r214/GB_GCA_019423755.1.fna	GB_GCA_019423755.1
../reference_genomes/new_in_r214/GB_GCA_944391725.1.fna	GB_GCA_944391725.1
../reference_genomes/new_in_r214/RS_GCF_020539865.1.fna	RS_GCF_020539865.1
../reference_genomes/new_in_r214/GB_GCA_944319735.1.fna	GB_GCA_944319735.1
../reference_genomes/new_in_r214/GB_GCA_945890895.1.fna	GB_GCA_945890895.1
../reference_genomes/new_in_r214/GB_GCA_023268965.1.fna	GB_GCA_023268965.1
../reference_genomes/new_in_r214/RS_GCF_020618415.1.fna	RS_GCF_020618415.1
../reference_genomes/new_in_r214/RS_GCF_019669085.1.fna	RS_GCF_019669085.1
../reference_genomes/new_in_r214/GB_GCA_024742935.1.fna	GB_GCA_024742935.1
../reference_genomes/new_in_r214/RS_GCF_024623425.1.fna	RS_GCF_024623425.1
../reference_genomes/new_in_r214/GB_GCA_023539495.1.fna	GB_GCA_023539495.1
../reference_genomes/new_in_r214/GB_GCA_021804565.1.fna	GB_GCA_021804565.1
../reference_genomes/new_in_r214/GB_GCA_913057115.1.fna	GB_GCA_913057115.1
../reference_genomes/new_in_r214/GB_GCA_021793405.1.fna	GB_GCA_021793405.1
../reference_genomes/new_in_r214/GB_GCA_021298895.1.fna	GB_GCA_021298895.1
../reference_genomes/new_in_r214/RS_GCF_019551475.1.fna	RS_GCF_019551475.1
../reference_genomes/new_in_r214/GB_GCA_943913645.1.fna	GB_GCA_943913645.1
../reference_genomes/new_in_r214/GB_GCA_024408085.1.fna	GB_GCA_024408085.1
../reference_genomes/new_in_r214/GB_GCA_944388405.1.fna	GB_GCA_944388405.1
../reference_genomes/new_in_r214/GB_GCA_916439065.1.fna	GB_GCA_916439065.1
../reference_genomes/new_in_r214/RS_GCF_023109315.1.fna	RS_GCF_023109315.1
../reference_genomes/new_in_r214/RS_GCF_024648885.1.fna	RS_GCF_024648885.1
../reference_genomes/new_in_r214/GB_GCA_944363645.1.fna	GB_GCA_944363645.1
../reference_genomes/new_in_r214/RS_GCF_023502235.1.fna	RS_GCF_023502235.1
../reference_genomes/new_in_r214/GB_GCA_022794255.1.fna	GB_GCA_022794255.1
../reference_genomes/new_in_r214/GB_GCA_021784755.1.fna	GB_GCA_021784755.1
../reference_genomes/new_in_r214/GB_GCA_020427635.1.fna	GB_GCA_020427635.1
../reference_genomes/new_in_r214/RS_GCF_022374875.1.fna	RS_GCF_022374875.1
../reference_genomes/new_in_r214/GB_GCA_022402525.1.fna	GB_GCA_022402525.1
../reference_genomes/new_in_r214/GB_GCA_934565415.1.fna	GB_GCA_934565415.1
../reference_genomes/new_in_r214/RS_GCF_021165935.1.fna	RS_GCF_021165935.1
../reference_genomes/new_in_r214/GB_GCA_913773635.1.fna	GB_GCA_913773635.1
../reference_genomes/new_in_r214/GB_GCA_022772725.1.fna	GB_GCA_022772725.1
../reference_genomes/new_in_r214/GB_GCA_019419505.1.fna	GB_GCA_019419505.1
../reference_genomes/new_in_r214/RS_GCF_022747945.1.fna	RS_GCF_022747945.1
../reference_genomes/new_in_r214/GB_GCA_024275565.1.fna	GB_GCA_024275565.1
../reference_genomes/new_in_r214/GB_GCA_021805805.1.fna	GB_GCA_021805805.1
../reference_genomes/new_in_r214/RS_GCF_022440845.1.fna	RS_GCF_022440845.1
../reference_genomes/new_in_r214/RS_GCF_020166345.1.fna	RS_GCF_020166345.1
../reference_genomes/new_in_r214/GB_GCA_020445785.1.fna	GB_GCA_020445785.1
../reference_genomes/new_in_r214/GB_GCA_019459055.1.fna	GB_GCA_019459055.1
../reference_genomes/new_in_r214/GB_GCA_021801795.1.fna	GB_GCA_021801795.1
../reference_genomes/new_in_r214/GB_GCA_023487205.1.fna	GB_GCA_023487205.1
../reference_genomes/new_in_r214/GB_GCA_934438085.1.fna	GB_GCA_934438085.1
../reference_genomes/new_in_r214/GB_GCA_021787035.1.fna	GB_GCA_021787035.1
../reference_genomes/new_in_r214/RS_GCF_022749495.1.fna	RS_GCF_022749495.1
../reference_genomes/new_in_r214/GB_GCA_944325345.1.fna	GB_GCA_944325345.1
../reference_genomes/new_in_r214/GB_GCA_934140155.1.fna	GB_GCA_934140155.1
../reference_genomes/new_in_r214/GB_GCA_944390275.1.fna	GB_GCA_944390275.1
../reference_genomes/new_in_r214/GB_GCA_944320955.1.fna	GB_GCA_944320955.1
../reference_genomes/new_in_r214/RS_GCF_023195835.1.fna	RS_GCF_023195835.1
../reference_genomes/new_in_r214/RS_GCF_905120475.1.fna	RS_GCF_905120475.1
../reference_genomes/new_in_r214/RS_GCF_023156245.1.fna	RS_GCF_023156245.1
../reference_genomes/new_in_r214/RS_GCF_022549225.1.fna	RS_GCF_022549225.1
../reference_genomes/new_in_r214/GB_GCA_019419545.1.fna	GB_GCA_019419545.1
../reference_genomes/new_in_r214/GB_GCA_944389015.1.fna	GB_GCA_944389015.1
../reference_genomes/new_in_r214/GB_GCA_023418575.1.fna	GB_GCA_023418575.1
../reference_genomes/new_in_r214/RS_GCF_020687205.1.fna	RS_GCF_020687205.1
../reference_genomes/new_in_r214/RS_GCF_023515955.1.fna	RS_GCF_023515955.1
../reference_genomes/new_in_r214/GB_GCA_944392955.1.fna	GB_GCA_944392955.1
../reference_genomes/new_in_r214/GB_GCA_019745155.1.fna	GB_GCA_019745155.1
../reference_genomes/new_in_r214/RS_GCF_024360925.1.fna	RS_GCF_024360925.1
../reference_genomes/new_in_r214/GB_GCA_944327085.1.fna	GB_GCA_944327085.1
../reference_genomes/new_in_r214/GB_GCA_944321145.1.fna	GB_GCA_944321145.1
../reference_genomes/new_in_r214/GB_GCA_934394595.1.fna	GB_GCA_934394595.1
../reference_genomes/new_in_r214/GB_GCA_021815785.1.fna	GB_GCA_021815785.1
../reference_genomes/new_in_r214/RS_GCF_021284765.1.fna	RS_GCF_021284765.1
../reference_genomes/new_in_r214/GB_GCA_913055745.1.fna	GB_GCA_913055745.1
../reference_genomes/new_in_r214/GB_GCA_022564295.1.fna	GB_GCA_022564295.1
../reference_genomes/new_in_r214/RS_GCF_021026375.1.fna	RS_GCF_021026375.1
../reference_genomes/new_in_r214/GB_GCA_934202865.1.fna	GB_GCA_934202865.1
../reference_genomes/new_in_r214/GB_GCA_020523885.1.fna	GB_GCA_020523885.1
../reference_genomes/new_in_r214/RS_GCF_021440195.1.fna	RS_GCF_021440195.1
../reference_genomes/new_in_r214/GB_GCA_020629035.1.fna	GB_GCA_020629035.1
../reference_genomes/new_in_r214/RS_GCF_022410515.1.fna	RS_GCF_022410515.1
../reference_genomes/new_in_r214/GB_GCA_022574295.1.fna	GB_GCA_022574295.1
../reference_genomes/new_in_r214/RS_GCF_022614595.1.fna	RS_GCF_022614595.1
../reference_genomes/new_in_r214/RS_GCF_943192995.1.fna	RS_GCF_943192995.1
../reference_genomes/new_in_r214/RS_GCF_024464185.1.fna	RS_GCF_024464185.1
../reference_genomes/new_in_r214/RS_GCF_020532825.1.fna	RS_GCF_020532825.1
../reference_genomes/new_in_r214/GB_GCA_934561395.1.fna	GB_GCA_934561395.1
../reference_genomes/new_in_r214/GB_GCA_021821945.1.fna	GB_GCA_021821945.1
../reference_genomes/new_in_r214/RS_GCF_021202945.1.fna	RS_GCF_021202945.1
../reference_genomes/new_in_r214/GB_GCA_024682415.1.fna	GB_GCA_024682415.1
../reference_genomes/new_in_r214/GB_GCA_021794095.1.fna	GB_GCA_021794095.1
../reference_genomes/new_in_r214/GB_GCA_022820025.1.fna	GB_GCA_022820025.1
../reference_genomes/new_in_r214/GB_GCA_024642115.1.fna	GB_GCA_024642115.1
../reference_genomes/new_in_r214/RS_GCF_021654855.1.fna	RS_GCF_021654855.1
../reference_genomes/new_in_r214/GB_GCA_019414545.1.fna	GB_GCA_019414545.1
../reference_genomes/new_in_r214/GB_GCA_021199475.1.fna	GB_GCA_021199475.1
../reference_genomes/new_in_r214/GB_GCA_944391805.1.fna	GB_GCA_944391805.1
../reference_genomes/new_in_r214/GB_GCA_022730285.1.fna	GB_GCA_022730285.1
../reference_genomes/new_in_r214/RS_GCF_024623565.1.fna	RS_GCF_024623565.1
../reference_genomes/new_in_r214/RS_GCF_019703875.1.fna	RS_GCF_019703875.1
../reference_genomes/new_in_r214/GB_GCA_934636655.1.fna	GB_GCA_934636655.1
../reference_genomes/new_in_r214/RS_GCF_021010565.1.fna	RS_GCF_021010565.1
../reference_genomes/new_in_r214/GB_GCA_021629085.1.fna	GB_GCA_021629085.1
../reference_genomes/new_in_r214/RS_GCF_024124375.1.fna	RS_GCF_024124375.1
../reference_genomes/new_in_r214/GB_GCA_024398055.1.fna	GB_GCA_024398055.1
../reference_genomes/new_in_r214/GB_GCA_021841025.1.fna	GB_GCA_021841025.1
../reference_genomes/new_in_r214/RS_GCF_020181615.1.fna	RS_GCF_020181615.1
../reference_genomes/new_in_r214/GB_GCA_019264575.1.fna	GB_GCA_019264575.1
../reference_genomes/new_in_r214/GB_GCA_945827785.1.fna	GB_GCA_945827785.1
../reference_genomes/new_in_r214/GB_GCA_945902075.1.fna	GB_GCA_945902075.1
../reference_genomes/new_in_r214/GB_GCA_022796475.1.fna	GB_GCA_022796475.1
../reference_genomes/new_in_r214/RS_GCF_020640915.1.fna	RS_GCF_020640915.1
../reference_genomes/new_in_r214/GB_GCA_022509165.1.fna	GB_GCA_022509165.1
../reference_genomes/new_in_r214/GB_GCA_944326815.1.fna	GB_GCA_944326815.1
../reference_genomes/new_in_r214/RS_GCF_019331725.1.fna	RS_GCF_019331725.1
../reference_genomes/new_in_r214/GB_GCA_023394615.1.fna	GB_GCA_023394615.1
../reference_genomes/new_in_r214/GB_GCA_024402135.1.fna	GB_GCA_024402135.1
../reference_genomes/new_in_r214/GB_GCA_023251115.1.fna	GB_GCA_023251115.1
../reference_genomes/new_in_r214/GB_GCA_020725265.1.fna	GB_GCA_020725265.1
../reference_genomes/new_in_r214/RS_GCF_022637455.1.fna	RS_GCF_022637455.1
../reference_genomes/new_in_r214/GB_GCA_024639455.1.fna	GB_GCA_024639455.1
../reference_genomes/new_in_r214/GB_GCA_022181065.1.fna	GB_GCA_022181065.1
../reference_genomes/new_in_r214/GB_GCA_944380275.1.fna	GB_GCA_944380275.1
../reference_genomes/new_in_r214/GB_GCA_021795465.1.fna	GB_GCA_021795465.1
../reference_genomes/new_in_r214/GB_GCA_023401595.1.fna	GB_GCA_023401595.1
../reference_genomes/new_in_r214/RS_GCF_022760835.1.fna	RS_GCF_022760835.1
../reference_genomes/new_in_r214/RS_GCF_024138395.1.fna	RS_GCF_024138395.1
../reference_genomes/new_in_r214/GB_GCA_025062075.1.fna	GB_GCA_025062075.1
../reference_genomes/new_in_r214/RS_GCF_021043365.1.fna	RS_GCF_021043365.1
../reference_genomes/new_in_r214/GB_GCA_944384265.1.fna	GB_GCA_944384265.1
../reference_genomes/new_in_r214/GB_GCA_934293005.1.fna	GB_GCA_934293005.1
../reference_genomes/new_in_r214/RS_GCF_021405525.1.fna	RS_GCF_021405525.1
../reference_genomes/new_in_r214/GB_GCA_021846225.1.fna	GB_GCA_021846225.1
../reference_genomes/new_in_r214/GB_GCA_944389975.1.fna	GB_GCA_944389975.1
../reference_genomes/new_in_r214/GB_GCA_023418315.1.fna	GB_GCA_023418315.1
../reference_genomes/new_in_r214/GB_GCA_024235835.1.fna	GB_GCA_024235835.1
../reference_genomes/new_in_r214/RS_GCF_024029915.1.fna	RS_GCF_024029915.1
../reference_genomes/new_in_r214/GB_GCA_934490165.1.fna	GB_GCA_934490165.1
../reference_genomes/new_in_r214/RS_GCF_021729845.1.fna	RS_GCF_021729845.1
../reference_genomes/new_in_r214/GB_GCA_021647465.1.fna	GB_GCA_021647465.1
../reference_genomes/new_in_r214/GB_GCA_023509035.1.fna	GB_GCA_023509035.1
../reference_genomes/new_in_r214/GB_GCA_944324155.1.fna	GB_GCA_944324155.1
../reference_genomes/new_in_r214/GB_GCA_945881885.1.fna	GB_GCA_945881885.1
../reference_genomes/new_in_r214/RS_GCF_024320785.1.fna	RS_GCF_024320785.1
../reference_genomes/new_in_r214/GB_GCA_021159885.1.fna	GB_GCA_021159885.1
../reference_genomes/new_in_r214/GB_GCA_021813555.1.fna	GB_GCA_021813555.1
../reference_genomes/new_in_r214/RS_GCF_024127895.1.fna	RS_GCF_024127895.1
../reference_genomes/new_in_r214/GB_GCA_023230795.1.fna	GB_GCA_023230795.1
../reference_genomes/new_in_r214/GB_GCA_019459145.1.fna	GB_GCA_019459145.1
../reference_genomes/new_in_r214/RS_GCF_019645855.1.fna	RS_GCF_019645855.1
../reference_genomes/new_in_r214/GB_GCA_944380515.1.fna	GB_GCA_944380515.1
../reference_genomes/new_in_r214/RS_GCF_024757985.1.fna	RS_GCF_024757985.1
../reference_genomes/new_in_r214/RS_GCF_024169315.1.fna	RS_GCF_024169315.1
../reference_genomes/new_in_r214/GB_GCA_023806565.1.fna	GB_GCA_023806565.1
../reference_genomes/new_in_r214/GB_GCA_021771755.1.fna	GB_GCA_021771755.1
../reference_genomes/new_in_r214/GB_GCA_024305245.1.fna	GB_GCA_024305245.1
../reference_genomes/new_in_r214/RS_GCF_023347275.1.fna	RS_GCF_023347275.1
../reference_genomes/new_in_r214/GB_GCA_022775085.1.fna	GB_GCA_022775085.1
../reference_genomes/new_in_r214/GB_GCA_021736445.1.fna	GB_GCA_021736445.1
../reference_genomes/new_in_r214/RS_GCF_023100845.1.fna	RS_GCF_023100845.1
../reference_genomes/new_in_r214/RS_GCF_024297185.1.fna	RS_GCF_024297185.1
../reference_genomes/new_in_r214/GB_GCA_934630535.1.fna	GB_GCA_934630535.1
../reference_genomes/new_in_r214/RS_GCF_023896955.1.fna	RS_GCF_023896955.1
../reference_genomes/new_in_r214/GB_GCA_943914785.1.fna	GB_GCA_943914785.1
../reference_genomes/new_in_r214/RS_GCF_023078455.1.fna	RS_GCF_023078455.1
../reference_genomes/new_in_r214/GB_GCA_944392615.1.fna	GB_GCA_944392615.1
../reference_genomes/new_in_r214/GB_GCA_021151685.1.fna	GB_GCA_021151685.1
../reference_genomes/new_in_r214/GB_GCA_934561735.1.fna	GB_GCA_934561735.1
../reference_genomes/new_in_r214/GB_GCA_023379805.1.fna	GB_GCA_023379805.1
../reference_genomes/new_in_r214/GB_GCA_020446945.1.fna	GB_GCA_020446945.1
../reference_genomes/new_in_r214/RS_GCF_022921055.1.fna	RS_GCF_022921055.1
../reference_genomes/new_in_r214/GB_GCA_022510505.1.fna	GB_GCA_022510505.1
../reference_genomes/new_in_r214/RS_GCF_024345375.1.fna	RS_GCF_024345375.1
../reference_genomes/new_in_r214/RS_GCF_019656315.1.fna	RS_GCF_019656315.1
../reference_genomes/new_in_r214/GB_GCA_913055695.1.fna	GB_GCA_913055695.1
../reference_genomes/new_in_r214/RS_GCF_019633745.1.fna	RS_GCF_019633745.1
../reference_genomes/new_in_r214/GB_GCA_021806045.1.fna	GB_GCA_021806045.1
../reference_genomes/new_in_r214/GB_GCA_944326325.1.fna	GB_GCA_944326325.1
../reference_genomes/new_in_r214/GB_GCA_019638455.1.fna	GB_GCA_019638455.1
../reference_genomes/new_in_r214/GB_GCA_939800445.1.fna	GB_GCA_939800445.1
../reference_genomes/new_in_r214/RS_GCF_020735385.1.fna	RS_GCF_020735385.1
../reference_genomes/new_in_r214/GB_GCA_934772045.1.fna	GB_GCA_934772045.1
../reference_genomes/new_in_r214/GB_GCA_020161615.1.fna	GB_GCA_020161615.1
../reference_genomes/new_in_r214/GB_GCA_944387015.1.fna	GB_GCA_944387015.1
../reference_genomes/new_in_r214/RS_GCF_022179765.1.fna	RS_GCF_022179765.1
../reference_genomes/new_in_r214/GB_GCA_020353055.1.fna	GB_GCA_020353055.1
../reference_genomes/new_in_r214/GB_GCA_913057235.1.fna	GB_GCA_913057235.1
../reference_genomes/new_in_r214/GB_GCA_021801025.1.fna	GB_GCA_021801025.1
../reference_genomes/new_in_r214/RS_GCF_013307435.2.fna	RS_GCF_013307435.2
../reference_genomes/new_in_r214/RS_GCF_019973615.1.fna	RS_GCF_019973615.1
../reference_genomes/new_in_r214/RS_GCF_020268605.1.fna	RS_GCF_020268605.1
../reference_genomes/new_in_r214/RS_GCF_021560015.1.fna	RS_GCF_021560015.1
../reference_genomes/new_in_r214/GB_GCA_944320845.1.fna	GB_GCA_944320845.1
../reference_genomes/new_in_r214/GB_GCA_022616615.1.fna	GB_GCA_022616615.1
../reference_genomes/new_in_r214/RS_GCF_011045075.1.fna	RS_GCF_011045075.1
../reference_genomes/new_in_r214/RS_GCF_022695595.1.fna	RS_GCF_022695595.1
../reference_genomes/new_in_r214/GB_GCA_021203345.1.fna	GB_GCA_021203345.1
../reference_genomes/new_in_r214/GB_GCA_021828195.1.fna	GB_GCA_021828195.1
../reference_genomes/new_in_r214/GB_GCA_024347495.1.fna	GB_GCA_024347495.1
../reference_genomes/new_in_r214/GB_GCA_023258975.1.fna	GB_GCA_023258975.1
../reference_genomes/new_in_r214/GB_GCA_022712115.1.fna	GB_GCA_022712115.1
../reference_genomes/new_in_r214/GB_GCA_024103135.1.fna	GB_GCA_024103135.1
../reference_genomes/new_in_r214/RS_GCF_020329485.1.fna	RS_GCF_020329485.1
../reference_genomes/new_in_r214/RS_GCF_022180385.2.fna	RS_GCF_022180385.2
../reference_genomes/new_in_r214/RS_GCF_921294215.1.fna	RS_GCF_921294215.1
../reference_genomes/new_in_r214/GB_GCA_024403135.1.fna	GB_GCA_024403135.1
../reference_genomes/new_in_r214/GB_GCA_944325175.1.fna	GB_GCA_944325175.1
../reference_genomes/new_in_r214/GB_GCA_944390455.1.fna	GB_GCA_944390455.1
../reference_genomes/new_in_r214/RS_GCF_023016805.1.fna	RS_GCF_023016805.1
../reference_genomes/new_in_r214/GB_GCA_023666805.1.fna	GB_GCA_023666805.1
../reference_genomes/new_in_r214/GB_GCA_021826315.1.fna	GB_GCA_021826315.1
../reference_genomes/new_in_r214/GB_GCA_913058295.1.fna	GB_GCA_913058295.1
../reference_genomes/new_in_r214/RS_GCF_021404465.1.fna	RS_GCF_021404465.1
../reference_genomes/new_in_r214/GB_GCA_022425745.1.fna	GB_GCA_022425745.1
../reference_genomes/new_in_r214/RS_GCF_019711535.1.fna	RS_GCF_019711535.1
../reference_genomes/new_in_r214/GB_GCA_025150425.1.fna	GB_GCA_025150425.1
../reference_genomes/new_in_r214/GB_GCA_024278075.1.fna	GB_GCA_024278075.1
../reference_genomes/new_in_r214/GB_GCA_024711295.1.fna	GB_GCA_024711295.1
../reference_genomes/new_in_r214/GB_GCA_944390355.1.fna	GB_GCA_944390355.1
../reference_genomes/new_in_r214/RS_GCF_022812285.1.fna	RS_GCF_022812285.1
../reference_genomes/new_in_r214/RS_GCF_023736155.1.fna	RS_GCF_023736155.1
../reference_genomes/new_in_r214/GB_GCA_021826505.1.fna	GB_GCA_021826505.1
../reference_genomes/new_in_r214/RS_GCF_023555055.1.fna	RS_GCF_023555055.1
../reference_genomes/new_in_r214/RS_GCF_024496245.1.fna	RS_GCF_024496245.1
../reference_genomes/new_in_r214/GB_GCA_944320775.1.fna	GB_GCA_944320775.1
../reference_genomes/new_in_r214/GB_GCA_023387815.1.fna	GB_GCA_023387815.1
../reference_genomes/new_in_r214/RS_GCF_022815725.1.fna	RS_GCF_022815725.1
../reference_genomes/new_in_r214/GB_GCA_020025955.1.fna	GB_GCA_020025955.1
../reference_genomes/new_in_r214/GB_GCA_021772275.1.fna	GB_GCA_021772275.1
../reference_genomes/new_in_r214/GB_GCA_945888455.1.fna	GB_GCA_945888455.1
../reference_genomes/new_in_r214/RS_GCF_022810765.1.fna	RS_GCF_022810765.1
../reference_genomes/new_in_r214/GB_GCA_945897435.1.fna	GB_GCA_945897435.1
../reference_genomes/new_in_r214/RS_GCF_023206215.1.fna	RS_GCF_023206215.1
../reference_genomes/new_in_r214/GB_GCA_934654755.1.fna	GB_GCA_934654755.1
../reference_genomes/new_in_r214/GB_GCA_944382895.1.fna	GB_GCA_944382895.1
../reference_genomes/new_in_r214/GB_GCA_020847985.1.fna	GB_GCA_020847985.1
../reference_genomes/new_in_r214/RS_GCF_020405225.1.fna	RS_GCF_020405225.1
../reference_genomes/new_in_r214/GB_GCA_025143985.1.fna	GB_GCA_025143985.1
../reference_genomes/new_in_r214/RS_GCF_020707265.1.fna	RS_GCF_020707265.1
../reference_genomes/new_in_r214/GB_GCA_022842595.1.fna	GB_GCA_022842595.1
../reference_genomes/new_in_r214/GB_GCA_021201815.1.fna	GB_GCA_021201815.1
../reference_genomes/new_in_r214/RS_GCF_022370635.1.fna	RS_GCF_022370635.1
../reference_genomes/new_in_r214/GB_GCA_023667185.1.fna	GB_GCA_023667185.1
../reference_genomes/new_in_r214/GB_GCA_021203765.1.fna	GB_GCA_021203765.1
../reference_genomes/new_in_r214/RS_GCF_023823125.1.fna	RS_GCF_023823125.1
../reference_genomes/new_in_r214/GB_GCA_019418605.1.fna	GB_GCA_019418605.1
../reference_genomes/new_in_r214/RS_GCF_023703775.1.fna	RS_GCF_023703775.1
../reference_genomes/new_in_r214/RS_GCF_020381325.1.fna	RS_GCF_020381325.1
../reference_genomes/new_in_r214/GB_GCA_019423125.1.fna	GB_GCA_019423125.1
../reference_genomes/new_in_r214/GB_GCA_913778665.1.fna	GB_GCA_913778665.1
../reference_genomes/new_in_r214/GB_GCA_945873075.1.fna	GB_GCA_945873075.1
../reference_genomes/new_in_r214/RS_GCF_020410745.1.fna	RS_GCF_020410745.1
../reference_genomes/new_in_r214/GB_GCA_024405075.1.fna	GB_GCA_024405075.1
../reference_genomes/new_in_r214/GB_GCA_021768245.1.fna	GB_GCA_021768245.1
../reference_genomes/new_in_r214/GB_GCA_025148285.1.fna	GB_GCA_025148285.1
../reference_genomes/new_in_r214/RS_GCF_021295395.1.fna	RS_GCF_021295395.1
../reference_genomes/new_in_r214/RS_GCF_024721015.1.fna	RS_GCF_024721015.1
../reference_genomes/new_in_r214/GB_GCA_021733665.1.fna	GB_GCA_021733665.1
../reference_genomes/new_in_r214/GB_GCA_020832455.1.fna	GB_GCA_020832455.1
../reference_genomes/new_in_r214/RS_GCF_020866905.1.fna	RS_GCF_020866905.1
../reference_genomes/new_in_r214/RS_GCF_024029435.1.fna	RS_GCF_024029435.1
../reference_genomes/new_in_r214/GB_GCA_020355325.1.fna	GB_GCA_020355325.1
../reference_genomes/new_in_r214/GB_GCA_020446675.1.fna	GB_GCA_020446675.1
../reference_genomes/new_in_r214/GB_GCA_025143825.1.fna	GB_GCA_025143825.1
../reference_genomes/new_in_r214/RS_GCF_020034655.1.fna	RS_GCF_020034655.1
../reference_genomes/new_in_r214/RS_GCF_019492185.1.fna	RS_GCF_019492185.1
../reference_genomes/new_in_r214/GB_GCA_945883815.1.fna	GB_GCA_945883815.1
../reference_genomes/new_in_r214/GB_GCA_023400235.1.fna	GB_GCA_023400235.1
../reference_genomes/new_in_r214/GB_GCA_945877125.1.fna	GB_GCA_945877125.1
../reference_genomes/new_in_r214/RS_GCF_023544715.1.fna	RS_GCF_023544715.1
../reference_genomes/new_in_r214/GB_GCA_023418255.1.fna	GB_GCA_023418255.1
../reference_genomes/new_in_r214/GB_GCA_024710485.1.fna	GB_GCA_024710485.1
../reference_genomes/new_in_r214/RS_GCF_923081025.1.fna	RS_GCF_923081025.1
../reference_genomes/new_in_r214/GB_GCA_022779305.1.fna	GB_GCA_022779305.1
../reference_genomes/new_in_r214/GB_GCA_020025015.1.fna	GB_GCA_020025015.1
../reference_genomes/new_in_r214/GB_GCA_944321715.1.fna	GB_GCA_944321715.1
../reference_genomes/new_in_r214/RS_GCF_023336505.1.fna	RS_GCF_023336505.1
../reference_genomes/new_in_r214/RS_GCF_023507705.1.fna	RS_GCF_023507705.1
../reference_genomes/new_in_r214/GB_GCA_913060695.1.fna	GB_GCA_913060695.1
../reference_genomes/new_in_r214/GB_GCA_022508265.1.fna	GB_GCA_022508265.1
../reference_genomes/new_in_r214/RS_GCF_024495425.1.fna	RS_GCF_024495425.1
../reference_genomes/new_in_r214/RS_GCF_020169335.1.fna	RS_GCF_020169335.1
../reference_genomes/new_in_r214/GB_GCA_023663025.1.fna	GB_GCA_023663025.1
../reference_genomes/new_in_r214/GB_GCA_944386015.1.fna	GB_GCA_944386015.1
../reference_genomes/new_in_r214/GB_GCA_024403235.1.fna	GB_GCA_024403235.1
../reference_genomes/new_in_r214/GB_GCA_020686985.1.fna	GB_GCA_020686985.1
../reference_genomes/new_in_r214/RS_GCF_021728295.1.fna	RS_GCF_021728295.1
../reference_genomes/new_in_r214/GB_GCA_023300185.1.fna	GB_GCA_023300185.1
../reference_genomes/new_in_r214/GB_GCA_021151535.1.fna	GB_GCA_021151535.1
../reference_genomes/new_in_r214/RS_GCF_019900845.1.fna	RS_GCF_019900845.1
../reference_genomes/new_in_r214/GB_GCA_021199795.1.fna	GB_GCA_021199795.1
../reference_genomes/new_in_r214/GB_GCA_021324545.1.fna	GB_GCA_021324545.1
../reference_genomes/new_in_r214/RS_GCF_024295625.1.fna	RS_GCF_024295625.1
../reference_genomes/new_in_r214/GB_GCA_021850605.1.fna	GB_GCA_021850605.1
../reference_genomes/new_in_r214/GB_GCA_023439045.1.fna	GB_GCA_023439045.1
../reference_genomes/new_in_r214/RS_GCF_023703465.1.fna	RS_GCF_023703465.1
../reference_genomes/new_in_r214/GB_GCA_021773795.1.fna	GB_GCA_021773795.1
../reference_genomes/new_in_r214/GB_GCA_913058335.1.fna	GB_GCA_913058335.1
../reference_genomes/new_in_r214/RS_GCF_022698145.1.fna	RS_GCF_022698145.1
../reference_genomes/new_in_r214/GB_GCA_945864585.1.fna	GB_GCA_945864585.1
../reference_genomes/new_in_r214/GB_GCA_021828475.1.fna	GB_GCA_021828475.1
../reference_genomes/new_in_r214/GB_GCA_020052515.1.fna	GB_GCA_020052515.1
../reference_genomes/new_in_r214/RS_GCF_024124745.1.fna	RS_GCF_024124745.1
../reference_genomes/new_in_r214/GB_GCA_944322305.1.fna	GB_GCA_944322305.1
../reference_genomes/new_in_r214/RS_GCF_023078835.1.fna	RS_GCF_023078835.1
../reference_genomes/new_in_r214/GB_GCA_024743215.1.fna	GB_GCA_024743215.1
../reference_genomes/new_in_r214/GB_GCA_021809995.1.fna	GB_GCA_021809995.1
../reference_genomes/new_in_r214/GB_GCA_913774665.1.fna	GB_GCA_913774665.1
../reference_genomes/new_in_r214/GB_GCA_019636695.1.fna	GB_GCA_019636695.1
../reference_genomes/new_in_r214/GB_GCA_944325035.1.fna	GB_GCA_944325035.1
../reference_genomes/new_in_r214/GB_GCA_944392835.1.fna	GB_GCA_944392835.1
../reference_genomes/new_in_r214/GB_GCA_024451685.1.fna	GB_GCA_024451685.1
../reference_genomes/new_in_r214/GB_GCA_021847175.1.fna	GB_GCA_021847175.1
../reference_genomes/new_in_r214/GB_GCA_021797555.1.fna	GB_GCA_021797555.1
../reference_genomes/new_in_r214/GB_GCA_022774105.1.fna	GB_GCA_022774105.1
../reference_genomes/new_in_r214/RS_GCF_021991925.1.fna	RS_GCF_021991925.1
../reference_genomes/new_in_r214/GB_GCA_913060895.1.fna	GB_GCA_913060895.1
../reference_genomes/new_in_r214/GB_GCA_020350205.1.fna	GB_GCA_020350205.1
../reference_genomes/new_in_r214/GB_GCA_020849275.1.fna	GB_GCA_020849275.1
../reference_genomes/new_in_r214/GB_GCA_944412525.1.fna	GB_GCA_944412525.1
../reference_genomes/new_in_r214/GB_GCA_019422065.1.fna	GB_GCA_019422065.1
../reference_genomes/new_in_r214/GB_GCA_934486895.1.fna	GB_GCA_934486895.1
../reference_genomes/new_in_r214/RS_GCF_022919155.1.fna	RS_GCF_022919155.1
../reference_genomes/new_in_r214/GB_GCA_934277985.1.fna	GB_GCA_934277985.1
../reference_genomes/new_in_r214/GB_GCA_020627425.1.fna	GB_GCA_020627425.1
../reference_genomes/new_in_r214/GB_GCA_024305105.1.fna	GB_GCA_024305105.1
../reference_genomes/new_in_r214/RS_GCF_024220515.1.fna	RS_GCF_024220515.1
../reference_genomes/new_in_r214/RS_GCF_024171525.1.fna	RS_GCF_024171525.1
../reference_genomes/new_in_r214/GB_GCA_944385465.1.fna	GB_GCA_944385465.1
../reference_genomes/new_in_r214/RS_GCF_021390475.1.fna	RS_GCF_021390475.1
../reference_genomes/new_in_r214/GB_GCA_944392295.1.fna	GB_GCA_944392295.1
../reference_genomes/new_in_r214/GB_GCA_023667145.1.fna	GB_GCA_023667145.1
../reference_genomes/new_in_r214/RS_GCF_019711685.1.fna	RS_GCF_019711685.1
../reference_genomes/new_in_r214/GB_GCA_945897365.1.fna	GB_GCA_945897365.1
../reference_genomes/new_in_r214/GB_GCA_024682835.1.fna	GB_GCA_024682835.1
../reference_genomes/new_in_r214/GB_GCA_024276995.1.fna	GB_GCA_024276995.1
../reference_genomes/new_in_r214/RS_GCF_020873875.1.fna	RS_GCF_020873875.1
../reference_genomes/new_in_r214/RS_GCF_021545785.1.fna	RS_GCF_021545785.1
../reference_genomes/new_in_r214/GB_GCA_021378565.1.fna	GB_GCA_021378565.1
